product_id,name,price,sold_out,product_url,image_url,page
13,STEPHANE HUMBERT LUCAS 2022 제너레이션 EAU DE PARFUM,395000,False,https://arokor.com/product/stephane-humbert-lucas-2022-제너레이션-eau-de-parfum/13/category/23/display/1/,https://arokor.com/web/product/medium/202306/5e31a870d39c9fefb6ddd86339988122.jpg,31
14,STEPHANE HUMBERT LUCAS 블랙 젬스톤 EAU DE PARFUM,395000,True,https://arokor.com/product/stephane-humbert-lucas-블랙-젬스톤-eau-de-parfum/14/category/23/display/1/,https://arokor.com/web/product/medium/202306/2912e611d3e39fd3afab0f54123e02b0.jpg,31
15,STEPHANE HUMBERT LUCAS 크라잉 오브 이블 EAU DE PARFUM,320000,False,https://arokor.com/product/stephane-humbert-lucas-크라잉-오브-이블-eau-de-parfum/15/category/23/display/1/,https://arokor.com/web/product/medium/202306/3ed3eb28815e29e67dcb3e21cffc8ac5.jpg,31
16,STEPHANE HUMBERT LUCAS 갓 오브 파이어 EAU DE PARFUM,320000,False,https://arokor.com/product/stephane-humbert-lucas-갓-오브-파이어-eau-de-parfum/16/category/23/display/1/,https://arokor.com/web/product/medium/202307/d0400276ee722b30cd9d02f1b48231b6.jpg,31
17,STEPHANE HUMBERT LUCAS 이스라 & 미라즈 EAU DE PARFUM 50ml,395000,False,https://arokor.com/product/stephane-humbert-lucas-이스라-미라즈-eau-de-parfum-50ml/17/category/23/display/1/,https://arokor.com/web/product/medium/202306/bbfcd407c9116f909189ace9d27ff92d.jpg,31
18,STEPHANE HUMBERT LUCAS 콜 드 바레인 EAU DE PARFUM,250000,False,https://arokor.com/product/stephane-humbert-lucas-콜-드-바레인-eau-de-parfum/18/category/23/display/1/,https://arokor.com/web/product/medium/202306/fe0f7caf118a7bb1d4e5d019f3ff0901.jpg,31
19,STEPHANE HUMBERT LUCAS 레이디 화이트 스네이크 EAU DE PARFUM,320000,False,https://arokor.com/product/stephane-humbert-lucas-레이디-화이트-스네이크-eau-de-parfum/19/category/23/display/1/,https://arokor.com/web/product/medium/202306/0f1f8b6ff66b4b5246d44b2daa5f966f.jpg,31
20,STEPHANE HUMBERT LUCAS 모탈 스킨 EAU DE PARFUM,320000,False,https://arokor.com/product/stephane-humbert-lucas-모탈-스킨-eau-de-parfum/20/category/23/display/1/,https://arokor.com/web/product/medium/202306/30dda8d11d53849fdd819b5f9fc1bc9b.jpg,31
21,STEPHANE HUMBERT LUCAS 오 히라 EAU DE PARFUM,650000,False,https://arokor.com/product/stephane-humbert-lucas-오-히라-eau-de-parfum/21/category/23/display/1/,https://arokor.com/web/product/medium/202306/28303b5cc1c844546c0ccbfc223c89a8.jpg,31
22,STEPHANE HUMBERT LUCAS 움마 EAU DE PARFUM,650000,False,https://arokor.com/product/stephane-humbert-lucas-움마-eau-de-parfum/22/category/23/display/1/,https://arokor.com/web/product/medium/202306/7a298fe43d46f8dd16c3464333d4d5c6.jpg,30
23,STEPHANE HUMBERT LUCAS 판테아 아이리스 EAU DE PARFUM,290000,False,https://arokor.com/product/stephane-humbert-lucas-판테아-아이리스-eau-de-parfum/23/category/23/display/1/,https://arokor.com/web/product/medium/202306/e1a8d4cf494f2ed56942e68e9d550fbc.jpeg,30
24,STEPHANE HUMBERT LUCAS 판테아 EAU DE PARFUM,250000,False,https://arokor.com/product/stephane-humbert-lucas-판테아-eau-de-parfum/24/category/23/display/1/,https://arokor.com/web/product/medium/202306/442b747f3880c870c75fc0e2a9b33c4e.jpg,30
25,STEPHANE HUMBERT LUCAS 로즈 드 페트라 EAU DE PARFUM,250000,True,https://arokor.com/product/stephane-humbert-lucas-로즈-드-페트라-eau-de-parfum/25/category/23/display/1/,https://arokor.com/web/product/medium/202306/4a77368c2969d51fea32066565f8d9bf.jpg,30
26,STEPHANE HUMBERT LUCAS 샌드 댄스 EAU DE PARFUM,320000,False,https://arokor.com/product/stephane-humbert-lucas-샌드-댄스-eau-de-parfum/26/category/23/display/1/,https://arokor.com/web/product/medium/202306/b8709fe8ff3ee2fd1e4be3314da34bc1.jpg,30
27,STEPHANE HUMBERT LUCAS 솔레이 드 제다 애프터글로우 EAU DE PARFUM,395000,False,https://arokor.com/product/stephane-humbert-lucas-솔레이-드-제다-애프터글로우-eau-de-parfum/27/category/23/display/1/,https://arokor.com/web/product/medium/202306/e89f62e0a87b293013841e058a09de80.jpg,30
28,STEPHANE HUMBERT LUCAS 솔레이 드 제다 (로리지날) EAU DE PARFUM 50ml,395000,True,https://arokor.com/product/stephane-humbert-lucas-솔레이-드-제다-로리지날-eau-de-parfum-50ml/28/category/23/display/1/,https://arokor.com/web/product/medium/202306/9f7496cf6275b6aa65006eb4b7257cd4.jpg,30
29,STEPHANE HUMBERT LUCAS 솔레이 드 제다 망고 키스 EAU DE PARFUM,395000,False,https://arokor.com/product/stephane-humbert-lucas-솔레이-드-제다-망고-키스-eau-de-parfum/29/category/23/display/1/,https://arokor.com/web/product/medium/202306/f8ba3703de5362353ebe3d127f87b220.jpg,30
30,STEPHANE HUMBERT LUCAS 타클라마칸 EAU DE PARFUM,250000,False,https://arokor.com/product/stephane-humbert-lucas-타클라마칸-eau-de-parfum/30/category/23/display/1/,https://arokor.com/web/product/medium/202306/af2e047ef3d46380f0a97c040e0f4276.jpg,30
31,STEPHANE HUMBERT LUCAS 유 느이 아 도하 EAU DE PARFUM,250000,False,https://arokor.com/product/stephane-humbert-lucas-유-느이-아-도하-eau-de-parfum/31/category/23/display/1/,https://arokor.com/web/product/medium/202306/2bc9b0f20e65a964797d383ada82afe2.jpg,30
32,STEPHANE HUMBERT LUCAS 베놈 인카르낫 EAU DE PARFUM,320000,False,https://arokor.com/product/stephane-humbert-lucas-베놈-인카르낫-eau-de-parfum/32/category/23/display/1/,https://arokor.com/web/product/medium/202306/59021a009d179089fb000264580adf57.jpg,30
33,STEPHANE HUMBERT LUCAS 위시 컴 트루 EAU DE PARFUM,290000,True,https://arokor.com/product/stephane-humbert-lucas-위시-컴-트루-eau-de-parfum/33/category/23/display/1/,https://arokor.com/web/product/medium/202306/fc523cb9d323257e40a405706a648e2b.png,30
34,WIDIAN 블랙 I,365000,True,https://arokor.com/product/widian-블랙-i/34/category/23/display/1/,https://arokor.com/web/product/medium/202306/63756455b69bda738d93818f3c0a6db4.png,29
35,WIDIAN 블랙 II,365000,True,https://arokor.com/product/widian-블랙-ii/35/category/23/display/1/,https://arokor.com/web/product/medium/202306/95a9523e2229b9e29c3b27fde7685b58.png,29
36,WIDIAN 블랙 III,365000,True,https://arokor.com/product/widian-블랙-iii/36/category/23/display/1/,https://arokor.com/web/product/medium/202306/165c6b3a574987a1036715b5e0dc3bb9.png,29
37,WIDIAN 블랙 IV,365000,True,https://arokor.com/product/widian-블랙-iv/37/category/23/display/1/,https://arokor.com/web/product/medium/202306/d8306a834b5029a97cd64921d917895b.png,29
38,WIDIAN 블랙 V,365000,False,https://arokor.com/product/widian-블랙-v/38/category/23/display/1/,https://arokor.com/web/product/medium/202306/5bbe51f1bd4b77c3bb2e7b3f13f3cae2.png,29
39,WIDIAN 델마,365000,True,https://arokor.com/product/widian-델마/39/category/23/display/1/,https://arokor.com/web/product/medium/202306/64621a67a9cdf1d6402e3bb29d97dc1c.jpeg,29
42,WIDIAN 힐리,365000,False,https://arokor.com/product/widian-힐리/42/category/23/display/1/,https://arokor.com/web/product/medium/202306/d9908fb0d7314521765d97e3e0e33716.jpeg,29
43,WIDIAN 리와,365000,True,https://arokor.com/product/widian-리와/43/category/23/display/1/,https://arokor.com/web/product/medium/202306/7b88a26f5d110cbcbef393bbd1b44ef6.jpeg,29
44,WIDIAN 런던,365000,True,https://arokor.com/product/widian-런던/44/category/23/display/1/,https://arokor.com/web/product/medium/202306/4b86fafc3ae712f5ad471db88da0ae69.jpeg,29
45,WIDIAN 바니야스,365000,True,https://arokor.com/product/widian-바니야스/45/category/23/display/1/,https://arokor.com/web/product/medium/202306/2e90ea49f86d63cebb7439eba6b7df24.jpeg,29
46,WIDIAN 뉴욕,365000,False,https://arokor.com/product/widian-뉴욕/46/category/23/display/1/,https://arokor.com/web/product/medium/202306/1d74116d95e74dd59d880d07b5c4e5b7.jpeg,29
47,WIDIAN 아스완,365000,False,https://arokor.com/product/widian-아스완/47/category/23/display/1/,https://arokor.com/web/product/medium/202306/95ca07ac4c56a3ab0920a66fcfbd9de0.jpeg,29
65,ASTROPHIL & STELLA 마담 엠,225000,True,https://arokor.com/product/astrophil-stella-마담-엠/65/category/23/display/1/,https://arokor.com/web/product/medium/202306/0dfd2f351ddeb37b3f07601ba3f36368.jpeg,28
66,ASTROPHIL & STELLA 나바티,225000,True,https://arokor.com/product/astrophil-stella-나바티/66/category/23/display/1/,https://arokor.com/web/product/medium/202306/5a78494267331f81c06d2e9d5f2671f3.png,28
67,ASTROPHIL & STELLA 파리 쉐리,225000,True,https://arokor.com/product/astrophil-stella-파리-쉐리/67/category/23/display/1/,https://arokor.com/web/product/medium/202306/848b9b5509ebeb72e61d3efbd4f79b45.png,28
68,ASTROPHIL & STELLA 어 나이트 앳 더 오페라,190000,True,https://arokor.com/product/astrophil-stella-어-나이트-앳-더-오페라/68/category/23/display/1/,https://arokor.com/web/product/medium/202306/23832df1c41ed33faeb17e965fbb5011.jpg,28
69,ASTROPHIL & STELLA 멜로우 옐로우,190000,True,https://arokor.com/product/astrophil-stella-멜로우-옐로우/69/category/23/display/1/,https://arokor.com/web/product/medium/202306/20a6d91837d639456068e34286601bf9.png,28
70,ASTROPHIL & STELLA 문에이지 데이드림,190000,True,https://arokor.com/product/astrophil-stella-문에이지-데이드림/70/category/23/display/1/,https://arokor.com/web/product/medium/202306/b3a465a338428aaf28116c7902a7bf58.png,28
71,ASTROPHIL & STELLA 앰버리버블,190000,True,https://arokor.com/product/astrophil-stella-앰버리버블/71/category/23/display/1/,https://arokor.com/web/product/medium/202306/c3d3e0c7b2ee9a62fb7b9f20311b852a.png,28
72,ASTROPHIL & STELLA 러브 이즈 로스트,190000,True,https://arokor.com/product/astrophil-stella-러브-이즈-로스트/72/category/23/display/1/,https://arokor.com/web/product/medium/202306/947d38d5cdd1bd7447b862e7e953c875.png,28
73,ASTROPHIL & STELLA 인투 더 오우드,190000,True,https://arokor.com/product/astrophil-stella-인투-더-오우드/73/category/23/display/1/,https://arokor.com/web/product/medium/202306/49357176ead474b1dd0279f8b54aef60.png,28
74,ASTROPHIL & STELLA 8 데이즈 어 위크,190000,True,https://arokor.com/product/astrophil-stella-8-데이즈-어-위크/74/category/23/display/1/,https://arokor.com/web/product/medium/202306/a528070e1084c42b003bdbff52956c49.jpeg,28
75,ASTROPHIL & STELLA 더 아이리스 웨이,190000,True,https://arokor.com/product/astrophil-stella-더-아이리스-웨이/75/category/23/display/1/,https://arokor.com/web/product/medium/202306/2380a1f50fa4780990b050bea3f14525.jpeg,28
76,WIDIAN 블랙 II 헤어프래그런스,105000,True,https://arokor.com/product/widian-블랙-ii-헤어프래그런스/76/category/23/display/1/,https://arokor.com/web/product/medium/202306/a908c04543dcdf41d744c998c2159d9d.jpeg,28
77,WIDIAN 리와 헤어프래그런스,105000,True,https://arokor.com/product/widian-리와-헤어프래그런스/77/category/23/display/1/,https://arokor.com/web/product/medium/202306/83ec86f299ee435e9ca498e43a3ede8b.jpeg,27
78,M.MICALLEF 퓨어 익스트림,360000,True,https://arokor.com/product/mmicallef-퓨어-익스트림/78/category/23/display/1/,https://arokor.com/web/product/medium/202306/ae73320809907de59a4dbf15cad9fa11.jpeg,27
79,M.MICALLEF 로얄 빈티지,360000,True,https://arokor.com/product/mmicallef-로얄-빈티지/79/category/23/display/1/,https://arokor.com/web/product/medium/202305/7d6f0861acfb0c59061672d2425981ef.jpeg,27
80,M.MICALLEF 에덴폴스,360000,True,https://arokor.com/product/mmicallef-에덴폴스/80/category/23/display/1/,https://arokor.com/web/product/medium/202305/7f835251cb3020d0da83678c85b6345b.jpeg,27
81,M.MICALLEF 오사이토,360000,True,https://arokor.com/product/mmicallef-오사이토/81/category/23/display/1/,https://arokor.com/web/product/medium/202305/c74db691412f70f9cec9cdf783755acd.jpg,27
82,M.MICALLEF 로얄 머스카,360000,True,https://arokor.com/product/mmicallef-로얄-머스카/82/category/23/display/1/,https://arokor.com/web/product/medium/202305/7d02ba69c6688b2d7a0df5e4da277bc4.jpeg,27
83,M.MICALLEF 디지얼톡식,360000,True,https://arokor.com/product/mmicallef-디지얼톡식/83/category/23/display/1/,https://arokor.com/web/product/medium/202305/1e508587b9c73a19993c5c4edef21ea9.jpeg,27
88,M.MICALLEF 아난다,360000,True,https://arokor.com/product/mmicallef-아난다/88/category/23/display/1/,https://arokor.com/web/product/medium/202305/69fce3b78a4ac83ed33da51c8b3fb0fa.jpg,27
89,M.MICALLEF 노트 바닐,360000,True,https://arokor.com/product/mmicallef-노트-바닐/89/category/23/display/1/,https://arokor.com/web/product/medium/202305/c7b0238262e69ec734ed06d2c9206587.jpeg,27
90,M.MICALLEF 일랑 인 골드,360000,True,https://arokor.com/product/mmicallef-일랑-인-골드/90/category/23/display/1/,https://arokor.com/web/product/medium/202305/5154c5120316292514048f8498f39394.jpeg,27
91,M.MICALLEF 솔레이 패션,360000,True,https://arokor.com/product/mmicallef-솔레이-패션/91/category/23/display/1/,https://arokor.com/web/product/medium/202305/5ffa0b88c67b5f48c9bf588bde653464.jpeg,27
92,ASTROPHIL & STELLA 상하이 1930,225000,True,https://arokor.com/product/astrophil-stella-상하이-1930/92/category/23/display/1/,https://arokor.com/web/product/medium/202306/a860c9d81fd4b81935813141f77dd652.jpg,27
93,M.MICALLEF 바디 로션 아난다,105000,True,https://arokor.com/product/mmicallef-바디-로션-아난다/93/category/23/display/1/,https://arokor.com/web/product/medium/202305/2ddfd6236b3f719d5795ba49f9d69ea8.jpeg,26
94,M.MICALLEF 샤워 젤 아난다,99000,True,https://arokor.com/product/mmicallef-샤워-젤-아난다/94/category/23/display/1/,https://arokor.com/web/product/medium/202305/069e1743647e17efa0f4c4f2858208b2.jpg,26
95,M.MICALLEF 핸드크림 미칼레프,28000,False,https://arokor.com/product/mmicallef-핸드크림-미칼레프/95/category/23/display/1/,https://arokor.com/web/product/medium/202305/d8c3858ecbb1b6508d66999b393f1b41.jpg,26
96,M.MICALLEF 핸드 솝 미칼레프,21000,True,https://arokor.com/product/mmicallef-핸드-솝-미칼레프/96/category/23/display/1/,https://arokor.com/web/product/medium/202305/cc55ad8d144ebe72d3384addd38fa037.png,26
97,M.MICALLEF 지앤토닉,360000,True,https://arokor.com/product/mmicallef-지앤토닉/97/category/23/display/1/,https://arokor.com/web/product/medium/202305/8b632792613c826f2b11803311c5339c.jpeg,26
98,FRAGRANCE DU BOIS 오우드 로즈 인텐스 50ml,575000,False,https://arokor.com/product/fragrance-du-bois-오우드-로즈-인텐스-50ml/98/category/23/display/1/,https://arokor.com/web/product/medium/202306/e9f6d7f26b3c1042e9c843e7de484f53.jpeg,26
99,FRAGRANCE DU BOIS 오우드 바이올렛 인텐스 50ml,575000,True,https://arokor.com/product/fragrance-du-bois-오우드-바이올렛-인텐스-50ml/99/category/23/display/1/,https://arokor.com/web/product/medium/202306/8d418e1fc9e3ab5387b15a3235b82d4e.jpeg,26
100,FRAGRANCE DU BOIS 오우드 블루 인텐스 50ml,575000,True,https://arokor.com/product/fragrance-du-bois-오우드-블루-인텐스-50ml/100/category/23/display/1/,https://arokor.com/web/product/medium/202306/2c3bba61fe43bfb0aa9aff288015b6ee.png,26
101,FRAGRANCE DU BOIS 오우드 베르 인텐스 50ml,575000,True,https://arokor.com/product/fragrance-du-bois-오우드-베르-인텐스-50ml/101/category/23/display/1/,https://arokor.com/web/product/medium/202306/385c46efeb110477542ae67d64bf8ec2.png,26
102,FRAGRANCE DU BOIS 오우드 자온 인텐스 50ml,575000,False,https://arokor.com/product/fragrance-du-bois-오우드-자온-인텐스-50ml/102/category/23/display/1/,https://arokor.com/web/product/medium/202306/27460d1dad142126407aba842ea4ba9c.png,26
103,FRAGRANCE DU BOIS 오우드 오렌지 인텐스 50ml,625000,False,https://arokor.com/product/fragrance-du-bois-오우드-오렌지-인텐스-50ml/103/category/23/display/1/,https://arokor.com/web/product/medium/202306/2aa7a882a73ec006b780839be20d0d7a.png,26
104,FRAGRANCE DU BOIS 오우드 누아 인텐스 50ml,575000,False,https://arokor.com/product/fragrance-du-bois-오우드-누아-인텐스-50ml/104/category/23/display/1/,https://arokor.com/web/product/medium/202306/076e29de318e5ccce88386f5bff4bdd7.png,26
105,FRAGRANCE DU BOIS 사라 50ml,765000,True,https://arokor.com/product/fragrance-du-bois-사라-50ml/105/category/23/display/1/,https://arokor.com/web/product/medium/202306/2d0afd47cf287472b6437d9a738cd54e.png,25
106,FRAGRANCE DU BOIS 파리시안 50ml,700000,False,https://arokor.com/product/fragrance-du-bois-파리시안-50ml/106/category/23/display/1/,https://arokor.com/web/product/medium/202306/f200b15d53ab9d23ee535947a358f42e.png,25
107,FRAGRANCE DU BOIS 앰버 인텐스,1150000,False,https://arokor.com/product/fragrance-du-bois-앰버-인텐스/107/category/23/display/1/,https://arokor.com/web/product/medium/202306/a09e4781c6beb903936d0750ce4ac1f7.png,25
108,FRAGRANCE DU BOIS 헤리티지,1150000,True,https://arokor.com/product/fragrance-du-bois-헤리티지/108/category/23/display/1/,https://arokor.com/web/product/medium/202306/6069e2f8068515d7dd3ad3f1f785b666.png,25
109,FRAGRANCE DU BOIS 부룸 두 마땅,515000,False,https://arokor.com/product/fragrance-du-bois-부룸-두-마땅/109/category/23/display/1/,https://arokor.com/web/product/medium/202306/b150d6c6eb334cb3bec9ef51d0f78888.jpeg,25
110,FRAGRANCE DU BOIS 상탈 컴플레,515000,True,https://arokor.com/product/fragrance-du-bois-상탈-컴플레/110/category/23/display/1/,https://arokor.com/web/product/medium/202306/bf77c8195438b8e5f6484ed6d0693f86.png,25
111,FRAGRANCE DU BOIS 카나비스 인텐스,515000,False,https://arokor.com/product/fragrance-du-bois-카나비스-인텐스/111/category/23/display/1/,https://arokor.com/web/product/medium/202306/f1c25e9209f49a7867c8e4b2e420b580.png,25
112,FRAGRANCE DU BOIS 시베리안 로즈,515000,True,https://arokor.com/product/fragrance-du-bois-시베리안-로즈/112/category/23/display/1/,https://arokor.com/web/product/medium/202306/6fb84cb13c56ff80d447b68300066d7b.png,25
113,FRAGRANCE DU BOIS 솔스티스,575000,False,https://arokor.com/product/fragrance-du-bois-솔스티스/113/category/23/display/1/,https://arokor.com/web/product/medium/202306/982f0664e6368950ee089d147e996303.png,25
114,FRAGRANCE DU BOIS 뉴욕 5TH 애비뉴,515000,True,https://arokor.com/product/fragrance-du-bois-뉴욕-5th-애비뉴/114/category/23/display/1/,https://arokor.com/web/product/medium/202306/9ffc383a77dee21c3fcb270fa112beb0.jpg,25
115,FRAGRANCE DU BOIS 뉴욕 인텐스,515000,True,https://arokor.com/product/fragrance-du-bois-뉴욕-인텐스/115/category/23/display/1/,https://arokor.com/web/product/medium/202306/548723c5b004bdcff35641c0c4aa2bc9.jpg,25
116,FRAGRANCE DU BOIS 밀라노,515000,False,https://arokor.com/product/fragrance-du-bois-밀라노/116/category/23/display/1/,https://arokor.com/web/product/medium/202306/b07b8e0353ea00330d6fe2f5182f7514.jpg,25
117,FRAGRANCE DU BOIS 카봇,575000,False,https://arokor.com/product/fragrance-du-bois-카봇/117/category/23/display/1/,https://arokor.com/web/product/medium/202306/c2662f4ba4d545cb33d79e7e9971f562.png,24
118,FRAGRANCE DU BOIS 시크릿 트리스트,575000,False,https://arokor.com/product/fragrance-du-bois-시크릿-트리스트/118/category/23/display/1/,https://arokor.com/web/product/medium/202306/deefdd361b623ef3f057b4188fae8c9c.png,24
119,FRAGRANCE DU BOIS 미뉘잇 에 데미,515000,True,https://arokor.com/product/fragrance-du-bois-미뉘잇-에-데미/119/category/23/display/1/,https://arokor.com/web/product/medium/202306/1871cf860ed205dae44321657a8430a4.png,24
120,FRAGRANCE DU BOIS 피엠,600000,True,https://arokor.com/product/fragrance-du-bois-피엠/120/category/23/display/1/,https://arokor.com/web/product/medium/202306/68bd25c800b29af99c140b5f4381be22.png,24
121,ASTROPHIL & STELLA 아스트로필 & 스텔라 키트,62500,True,https://arokor.com/product/astrophil-stella-아스트로필-스텔라-키트/121/category/23/display/1/,https://arokor.com/web/product/medium/202306/aa8808de9c90202b1d450eac2bd532c9.png,24
123,FRAGRANCE DU BOIS 런던 스파이스,575000,False,https://arokor.com/product/fragrance-du-bois-런던-스파이스/123/category/23/display/1/,https://arokor.com/web/product/medium/202306/e33e1715a3070dc58754106728782c85.jpg,24
124,PANTHEON 아우레아 50ml,230000,True,https://arokor.com/product/pantheon-아우레아-50ml/124/category/23/display/1/,https://arokor.com/web/product/medium/202502/21f2261d2f35d37a0c60df0496c4bba4.png,24
125,PANTHEON 아노네 50ml,230000,True,https://arokor.com/product/pantheon-아노네-50ml/125/category/23/display/1/,https://arokor.com/web/product/medium/202502/d081d1774362f7e805a1c072d3eef976.png,24
126,PANTHEON 애니베르사리오 50ml,230000,True,https://arokor.com/product/pantheon-애니베르사리오-50ml/126/category/23/display/1/,https://arokor.com/web/product/medium/202502/af5869a3e2bb2bfc7b159145a5a73641.png,24
127,PANTHEON 코시 블루 50ml,230000,True,https://arokor.com/product/pantheon-코시-블루-50ml/127/category/23/display/1/,https://arokor.com/web/product/medium/202502/53b867d02f0873b7faca69ecb64c511c.png,24
128,PANTHEON 돌체 파씨오네 50ml,230000,True,https://arokor.com/product/pantheon-돌체-파씨오네-50ml/128/category/23/display/1/,https://arokor.com/web/product/medium/202502/f3a4a184e0eb3e20e9fc76987cddcbd0.png,24
129,PANTHEON 트라스테베레 50ml,230000,True,https://arokor.com/product/pantheon-트라스테베레-50ml/129/category/23/display/1/,https://arokor.com/web/product/medium/202502/cd54ce4e2cc6fcf6a0142090621bc176.png,24
130,PANTHEON 이루 쟈르디노 50ml,230000,True,https://arokor.com/product/pantheon-이루-쟈르디노-50ml/130/category/23/display/1/,https://arokor.com/web/product/medium/202502/e304032c6e7de53e5e1113a0ec2adc50.png,23
131,PANTHEON 노테 다모레 50ml,230000,True,https://arokor.com/product/pantheon-노테-다모레-50ml/131/category/23/display/1/,https://arokor.com/web/product/medium/202502/54c8b1a54385999e55f2fbacb2e17272.png,23
132,PANTHEON 라파엘로 50ml,230000,True,https://arokor.com/product/pantheon-라파엘로-50ml/132/category/23/display/1/,https://arokor.com/web/product/medium/202502/80b9f1d4046da3817b99f1a20e1e62c7.png,23
133,PANTHEON 돈나 마르게리타 50ml,230000,True,https://arokor.com/product/pantheon-돈나-마르게리타-50ml/133/category/23/display/1/,https://arokor.com/web/product/medium/202502/eb35cd8d9be2080e8e2d0d6fad5c7f3a.png,23
134,PANTHEON 알,500000,True,https://arokor.com/product/pantheon-알/134/category/23/display/1/,https://arokor.com/web/product/medium/202306/999efd71895d9428eadbaa7c41937b46.png,23
135,PANTHEON 엠,500000,True,https://arokor.com/product/pantheon-엠/135/category/23/display/1/,https://arokor.com/web/product/medium/202306/947bdcb39d8727edc480f65f300e27c8.png,23
136,PANTHEON 에이,500000,True,https://arokor.com/product/pantheon-에이/136/category/23/display/1/,https://arokor.com/web/product/medium/202306/e3a1090d173a5b1a975707e9c65c678c.jpeg,23
139,ELLA K 기블리,475000,False,https://arokor.com/product/ella-k-기블리/139/category/23/display/1/,https://arokor.com/web/product/medium/202501/c49bbe9572407d43a0e1417c543abcb3.jpg,23
140,ELLA K 아르마통,475000,False,https://arokor.com/product/ella-k-아르마통/140/category/23/display/1/,https://arokor.com/web/product/medium/202501/1ff5045ae9fbe545f135c8a9144da680.jpg,23
141,ELLA K 캠신,475000,True,https://arokor.com/product/ella-k-캠신/141/category/23/display/1/,https://arokor.com/web/product/medium/202501/5e83f8a6c76ef5e599fce2ea8a365c0a.jpg,23
142,ELLA K 레트라 드 푸쉬카르,475000,False,https://arokor.com/product/ella-k-레트라-드-푸쉬카르/142/category/23/display/1/,https://arokor.com/web/product/medium/202501/1649c5efa98cdb6eabafb5786805a715.jpg,23
143,ELLA K 멜로디 드 라알때,475000,False,https://arokor.com/product/ella-k-멜로디-드-라알때/143/category/23/display/1/,https://arokor.com/web/product/medium/202501/08ca339f78363f50a22d60626d2c9869.jpg,23
144,ELLA K 메모아르 드 대이산 인,475000,False,https://arokor.com/product/ella-k-메모아르-드-대이산-인/144/category/23/display/1/,https://arokor.com/web/product/medium/202501/5a8f6c9ad1d2810c4fc4011ff566764c.jpg,22
145,ELLA K 플루이 쑤 하 롱,475000,False,https://arokor.com/product/ella-k-플루이-쑤-하-롱/145/category/23/display/1/,https://arokor.com/web/product/medium/202501/1bc7d99c8b4894c20ed8a8299f74c0e2.jpg,22
146,ELLA K 포엠 드 사가노,475000,False,https://arokor.com/product/ella-k-포엠-드-사가노/146/category/23/display/1/,https://arokor.com/web/product/medium/202501/f15796d3f6e7dba431f5fc32f6b73003.jpg,22
147,ELLA K 카밀리아 케이,485000,False,https://arokor.com/product/ella-k-카밀리아-케이/147/category/23/display/1/,https://arokor.com/web/product/medium/202306/05aecc4998a5048daf8372f6797c16cf.jpeg,22
148,ELLA K 크리 두 카라하리,475000,False,https://arokor.com/product/ella-k-크리-두-카라하리/148/category/23/display/1/,https://arokor.com/web/product/medium/202501/cb16800620bd2e8ae3296e029d65b16c.jpg,22
149,ELLA K 레프렛 쓰 르카방고,475000,False,https://arokor.com/product/ella-k-레프렛-쓰-르카방고/149/category/23/display/1/,https://arokor.com/web/product/medium/202501/d277cf1b409af0005c2801fa561d44b7.jpg,22
150,M.MICALLEF 레드콜로라도,360000,True,https://arokor.com/product/mmicallef-레드콜로라도/150/category/23/display/1/,https://arokor.com/web/product/medium/202307/b14bb51884fa78bfdec6c6b041f05299.jpg,22
151,BOIS 1920 프라멘티,355000,True,https://arokor.com/product/bois-1920-프라멘티/151/category/23/display/1/,https://arokor.com/web/product/medium/202307/aaa23009800b7cd8812e0700a9a68e12.jpg,22
152,BOIS 1920 클라식 파라다이스,160000,True,https://arokor.com/product/bois-1920-클라식-파라다이스/152/category/23/display/1/,https://arokor.com/web/product/medium/202307/86313584db25faf70294424a573129cc.jpg,22
153,BOIS 1920 인시에메,160000,True,https://arokor.com/product/bois-1920-인시에메/153/category/23/display/1/,https://arokor.com/web/product/medium/202307/7f7727b955e2c2fd7c99ffaef5607052.jpg,22
154,BOIS 1920 올트레마레,185000,True,https://arokor.com/product/bois-1920-올트레마레/154/category/23/display/1/,https://arokor.com/web/product/medium/202307/6c2a32aa603fe81347dd8018ad625ca3.jpg,22
155,BOIS 1920 오로 로사,240000,True,https://arokor.com/product/bois-1920-오로-로사/155/category/23/display/1/,https://arokor.com/web/product/medium/202307/9bc2f37a77674fe342b0094390fb8290.jpg,22
156,BOIS 1920 오로 로소 바디 로션,55000,True,https://arokor.com/product/bois-1920-오로-로소-바디-로션/156/category/23/display/1/,https://arokor.com/web/product/medium/202307/9bdbf7d6e0de3df0d680938a9f1bbfca.jpg,21
157,BOIS 1920 오로 로소,210000,True,https://arokor.com/product/bois-1920-오로-로소/157/category/23/display/1/,https://arokor.com/web/product/medium/202307/a756d5158305ed6e85c92a2d2012330f.jpg,21
158,BOIS 1920 로사 디 필라레,170000,True,https://arokor.com/product/bois-1920-로사-디-필라레/158/category/23/display/1/,https://arokor.com/web/product/medium/202307/6580c76497a2def90835f83a25ad0a0b.jpg,21
159,BOIS 1920 파라나,185000,True,https://arokor.com/product/bois-1920-파라나/159/category/23/display/1/,https://arokor.com/web/product/medium/202307/56901cef9257c406db4cb21db6fb5029.jpg,21
160,BOIS 1920 센슈얼 튜베로즈,170000,True,https://arokor.com/product/bois-1920-센슈얼-튜베로즈/160/category/23/display/1/,https://arokor.com/web/product/medium/202307/f6b8373ffc981b97a67d05438c68aafc.jpg,21
161,FRAGRANCE DU BOIS 러버스,575000,False,https://arokor.com/product/fragrance-du-bois-러버스/161/category/23/display/1/,https://arokor.com/web/product/medium/202309/dd6386f3bd1b3f661713410e9015c523.jpg,21
165,ELLA K 머스크 케이,485000,False,https://arokor.com/product/ella-k-머스크-케이/165/category/23/display/1/,https://arokor.com/web/product/medium/202508/4e8ed39a60700b62c5bc919b2659540e.jpg,21
166,FRAGRANCE DU BOIS 카나비스 블루 (CANNABIS BLUE),515000,False,https://arokor.com/product/fragrance-du-bois-카나비스-블루-cannabis-blue/166/category/23/display/1/,https://arokor.com/web/product/medium/202401/b03d3a99417de7e4fdc90178af29c9de.png,21
167,FRAGRANCE DU BOIS 보야지 아 파리 (VOYAGE A PARIS),575000,False,https://arokor.com/product/fragrance-du-bois-보야지-아-파리-voyage-a-paris/167/category/23/display/1/,https://arokor.com/web/product/medium/202401/d993807d9e4c96d77ce832f8c6bfb6f9.png,21
169,FRAGRANCE DU BOIS  위 러브 디스커버리 세트,159000,True,https://arokor.com/product/fragrance-du-bois-위-러브-디스커버리-세트/169/category/23/display/1/,https://arokor.com/web/product/medium/202404/3a07638817193309017078ed885625fc.png,21
170,FRAGRANCE DU BOIS 세이드즈 & 프리베 디스커버리 세트,159000,True,https://arokor.com/product/fragrance-du-bois-세이드즈-프리베-디스커버리-세트/170/category/23/display/1/,https://arokor.com/web/product/medium/202404/92e5ba9af4d3859d4710096c7e37a3f1.png,21
171,ELLA K 오키드 케이,485000,False,https://arokor.com/product/ella-k-오키드-케이/171/category/23/display/1/,https://arokor.com/web/product/medium/202405/a66229356610e322895ef7fe31e48e7e.png,21
172,FRAGRANCE DU BOIS 시렌 (SIRÈNE),500000,True,https://arokor.com/product/fragrance-du-bois-시렌-sirÈne/172/category/23/display/1/,https://arokor.com/web/product/medium/202405/d4bb2662e2e13b82fd4426eeb477b36b.png,20
173,FRAGRANCE DU BOIS 트로픽스 (TROPIQUES),575000,True,https://arokor.com/product/fragrance-du-bois-트로픽스-tropiques/173/category/23/display/1/,https://arokor.com/web/product/medium/202405/70bccb962c4e0bfa2952e620f68368a8.png,20
178,ROYAL CROWN 카테리나 (CATERINA) 50ml,620000,True,https://arokor.com/product/royal-crown-카테리나-caterina-50ml/178/category/23/display/1/,https://arokor.com/web/product/medium/202502/33a81a6064860d27e4d0231cc3d8caae.png,20
179,ROYAL CROWN 카테리나 (한국 독점 판매),150000,False,https://arokor.com/product/royal-crown-카테리나-한국-독점-판매/179/category/23/display/1/,https://arokor.com/web/product/medium/202407/2da7c57e65506fa9bbd08259759d19fd.png,20
180,ROYAL CROWN 셀레브레이션 (CELEBRATION) 50ml,485000,False,https://arokor.com/product/royal-crown-셀레브레이션-celebration-50ml/180/category/23/display/1/,https://arokor.com/web/product/medium/202502/000f67af82b1e3265fd569b2274ef862.png,20
181,ROYAL CROWN 셀레브레이션 (한국 독점 판매),125000,True,https://arokor.com/product/royal-crown-셀레브레이션-한국-독점-판매/181/category/23/display/1/,https://arokor.com/web/product/medium/202603/65e82adb5600d136694d7a296a347021.jpg,20
184,ROYAL CROWN 녹투르나 (NOCTURNA) 50ml,620000,True,https://arokor.com/product/royal-crown-녹투르나-nocturna-50ml/184/category/23/display/1/,https://arokor.com/web/product/medium/202502/295bba87028dfea9904ab7cb028d87da.png,20
185,ROYAL CROWN 녹투르나 (한국 독점 판매),150000,True,https://arokor.com/product/royal-crown-녹투르나-한국-독점-판매/185/category/23/display/1/,https://arokor.com/web/product/medium/202407/09a77aa4006b954f972f1ef1619b1b39.png,20
186,ROYAL CROWN 누어 (NOOR) 50ml,485000,False,https://arokor.com/product/royal-crown-누어-noor-50ml/186/category/23/display/1/,https://arokor.com/web/product/medium/202502/0f3c084ca6265c767839160f1926dcb7.png,20
187,ROYAL CROWN 누어 (한국 독점 판매),125000,False,https://arokor.com/product/royal-crown-누어-한국-독점-판매/187/category/23/display/1/,https://arokor.com/web/product/medium/202407/3634292454348b31fa83116eaaefae33.png,20
188,ROYAL CROWN 오우드 자스민 (OUD JASMINE) 50ml,780000,False,https://arokor.com/product/royal-crown-오우드-자스민-oud-jasmine-50ml/188/category/23/display/1/,https://arokor.com/web/product/medium/202502/9bc2502ca0bc2adb2a734c8b3bec2d53.png,20
189,ROYAL CROWN 오우드 자스민 (한국 독점 판매),180000,True,https://arokor.com/product/royal-crown-오우드-자스민-한국-독점-판매/189/category/23/display/1/,https://arokor.com/web/product/medium/202603/dfa94e416224494cb0533f1d24db83b3.jpg,20
190,ROYAL CROWN 오우드 상탈 (OUD SANTAL) 50ml,620000,False,https://arokor.com/product/royal-crown-오우드-상탈-oud-santal-50ml/190/category/23/display/1/,https://arokor.com/web/product/medium/202502/0f76ee1fbca883b770e4a374bdb1f4ae.png,19
191,ROYAL CROWN 오우드 상탈 (한국 독점 판매),150000,False,https://arokor.com/product/royal-crown-오우드-상탈-한국-독점-판매/191/category/23/display/1/,https://arokor.com/web/product/medium/202407/6b9c8ad06f2056229e7be1f0fce35fef.png,19
192,ROYAL CROWN 레인 (RAIN) 50ml,485000,False,https://arokor.com/product/royal-crown-레인-rain-50ml/192/category/23/display/1/,https://arokor.com/web/product/medium/202502/284b9a3d28a61e7901a69cff7623c44d.png,19
193,ROYAL CROWN 레인 (한국 독점 판매),125000,True,https://arokor.com/product/royal-crown-레인-한국-독점-판매/193/category/23/display/1/,https://arokor.com/web/product/medium/202407/13fc25c76a6ceef70d70ffc5fc1c7c4f.png,19
194,ROYAL CROWN 로즈 머스캣 (ROSE MASQAT) 50ml,485000,True,https://arokor.com/product/royal-crown-로즈-머스캣-rose-masqat-50ml/194/category/23/display/1/,https://arokor.com/web/product/medium/202502/2828a6b16862a5e8d32b7f5d598d02b8.png,19
195,ROYAL CROWN 로즈 머스캣 (한국 독점 판매),125000,True,https://arokor.com/product/royal-crown-로즈-머스캣-한국-독점-판매/195/category/23/display/1/,https://arokor.com/web/product/medium/202407/df9aeed344b50feba7ff96a0c5afb5ff.png,19
196,ROYAL CROWN 어퍼 클래스 (UPPER CLASS) 50ml,550000,False,https://arokor.com/product/royal-crown-어퍼-클래스-upper-class-50ml/196/category/23/display/1/,https://arokor.com/web/product/medium/202502/f78fcecc9780255ebe59de842ec733ae.png,19
198,ROYAL CROWN 어퍼 클래스 (한국 독점 판매),140000,True,https://arokor.com/product/royal-crown-어퍼-클래스-한국-독점-판매/198/category/23/display/1/,https://arokor.com/web/product/medium/202407/955f41ba390046bc5b33c4dc099d217d.png,19
199,ROYAL CROWN 니잠 (NIZAM) 50ml,510000,False,https://arokor.com/product/royal-crown-니잠-nizam-50ml/199/category/23/display/1/,https://arokor.com/web/product/medium/202502/fd24c854abe9dd03f5d1ddeb017cfe17.png,19
200,ROYAL CROWN 니잠 (한국 독점 판매),130000,True,https://arokor.com/product/royal-crown-니잠-한국-독점-판매/200/category/23/display/1/,https://arokor.com/web/product/medium/202603/121f087d82556f6cf2287a1ef96dd1e9.jpg,19
201,ROYAL CROWN 알 키미야 (AL KIMIYA’) 50ml,485000,True,https://arokor.com/product/royal-crown-알-키미야-al-kimiya-50ml/201/category/23/display/1/,https://arokor.com/web/product/medium/202502/8e4b9cdff791300678bf276d98ccb342.png,19
202,ROYAL CROWN 알 키미야 (한국 독점 판매),125000,True,https://arokor.com/product/royal-crown-알-키미야-한국-독점-판매/202/category/23/display/1/,https://arokor.com/web/product/medium/202603/aecdcd0d70a5a2bcf146f2fd04897408.jpg,19
234,BOIS 1920 올트레마레,85000,True,https://arokor.com/product/bois-1920-올트레마레/234/category/23/display/1/,https://arokor.com/web/product/medium/202411/ccdeaa79241df9968038cef872e8858b.png,18
235,BOIS 1920 오로 로사,115000,True,https://arokor.com/product/bois-1920-오로-로사/235/category/23/display/1/,https://arokor.com/web/product/medium/202411/7233505a3db21f245b737276253279c6.png,18
236,BOIS 1920 프라멘티,115000,True,https://arokor.com/product/bois-1920-프라멘티/236/category/23/display/1/,https://arokor.com/web/product/medium/202411/021eb3307ec0d698be9f839360fbdec1.png,18
237,BOIS 1920 파라나,85000,True,https://arokor.com/product/bois-1920-파라나/237/category/23/display/1/,https://arokor.com/web/product/medium/202411/e2079e4b57dd66599ab79ba79f802f5c.png,18
238,BOIS 1920 아구르미 아마리 디 시칠리아,170000,True,https://arokor.com/product/bois-1920-아구르미-아마리-디-시칠리아/238/category/23/display/1/,https://arokor.com/web/product/medium/202411/b654632047360900b9ee2043913d3d98.png,18
239,BOIS 1920 아구르미 아마리 디 시칠리아,75000,True,https://arokor.com/product/bois-1920-아구르미-아마리-디-시칠리아/239/category/23/display/1/,https://arokor.com/web/product/medium/202411/1c71ac1e788eb182e162c233090c4b78.png,18
240,BOIS 1920 클래식 1920,170000,True,https://arokor.com/product/bois-1920-클래식-1920/240/category/23/display/1/,https://arokor.com/web/product/medium/202411/ce994ebc995e41422c0041bceda39f35.png,18
241,BOIS 1920 클래식 1920,75000,True,https://arokor.com/product/bois-1920-클래식-1920/241/category/23/display/1/,https://arokor.com/web/product/medium/202411/0e04117f839f2c81f259682f326219a9.png,18
242,BOIS 1920 산달비아,290000,True,https://arokor.com/product/bois-1920-산달비아/242/category/23/display/1/,https://arokor.com/web/product/medium/202411/b85761b63bbbb7a362bb90c8e5845771.png,18
243,BOIS 1920 산달비아,100000,True,https://arokor.com/product/bois-1920-산달비아/243/category/23/display/1/,https://arokor.com/web/product/medium/202411/7a4d25390efbd67a2239055caeef2035.png,18
244,BOIS 1920 스코르자포르자,290000,True,https://arokor.com/product/bois-1920-스코르자포르자/244/category/23/display/1/,https://arokor.com/web/product/medium/202411/5639ec45dd5b551e196497d7a55d6263.png,18
245,BOIS 1920 스코르자포르자,100000,True,https://arokor.com/product/bois-1920-스코르자포르자/245/category/23/display/1/,https://arokor.com/web/product/medium/202411/ef4edb9087e34058defbfac794b94506.png,18
247,BOIS 1920 베티버 암브라토,170000,True,https://arokor.com/product/bois-1920-베티버-암브라토/247/category/23/display/1/,https://arokor.com/web/product/medium/202411/3faf3395f02ee56cd268376f9b284860.png,17
248,BOIS 1920 베티버 암브라토,75000,True,https://arokor.com/product/bois-1920-베티버-암브라토/248/category/23/display/1/,https://arokor.com/web/product/medium/202411/38e756eeb837290b7fca12169ac4748d.png,17
249,ROYAL CROWN 카테리나 (CATERINA) 100ml,850000,True,https://arokor.com/product/royal-crown-카테리나-caterina-100ml/249/category/23/display/1/,https://arokor.com/web/product/medium/202502/5e460c5fd0da0329d7ad2627a431d9d0.png,17
250,ROYAL CROWN 셀레브레이션 (CELEBRATION) 100ml,675000,True,https://arokor.com/product/royal-crown-셀레브레이션-celebration-100ml/250/category/23/display/1/,https://arokor.com/web/product/medium/202502/4b85c9e5f4c2422fde73bafa5102db14.png,17
251,ROYAL CROWN 녹투르나 (NOCTURNA) 100ml,850000,True,https://arokor.com/product/royal-crown-녹투르나-nocturna-100ml/251/category/23/display/1/,https://arokor.com/web/product/medium/202502/285b841da4a6ee5ae82610c05aa14c7e.png,17
252,ROYAL CROWN 누어 (NOOR) 100ml,675000,True,https://arokor.com/product/royal-crown-누어-noor-100ml/252/category/23/display/1/,https://arokor.com/web/product/medium/202502/8b7a92f5361850f819e3a34552c799f2.png,17
253,ROYAL CROWN 오우드 자스민 (OUD JASMINE) 100ml,1100000,False,https://arokor.com/product/royal-crown-오우드-자스민-oud-jasmine-100ml/253/category/23/display/1/,https://arokor.com/web/product/medium/202502/8b6a4bce3100f7004c307b217da0551b.png,17
254,ROYAL CROWN 오우드 상탈 (OUD SANTAL) 100ml,850000,True,https://arokor.com/product/royal-crown-오우드-상탈-oud-santal-100ml/254/category/23/display/1/,https://arokor.com/web/product/medium/202502/ac25563e41c02518e18828daa08d92fa.png,17
255,ROYAL CROWN 레인 (RAIN) 100ml,675000,True,https://arokor.com/product/royal-crown-레인-rain-100ml/255/category/23/display/1/,https://arokor.com/web/product/medium/202502/c765ae30d79e553b8f31c90bd947d384.png,17
256,ROYAL CROWN 로즈 머스캣 (ROSE MASQAT) 100ml,675000,True,https://arokor.com/product/royal-crown-로즈-머스캣-rose-masqat-100ml/256/category/23/display/1/,https://arokor.com/web/product/medium/202502/6820075c25f4c8e0b9c6577713e3045d.png,17
257,ROYAL CROWN 어퍼 클래스 (UPPER CLASS) 100ml,795000,True,https://arokor.com/product/royal-crown-어퍼-클래스-upper-class-100ml/257/category/23/display/1/,https://arokor.com/web/product/medium/202502/5ac8614b677bca3c841441de7a07a418.png,17
258,ROYAL CROWN 니잠 (NIZAM) 100ml,695000,False,https://arokor.com/product/royal-crown-니잠-nizam-100ml/258/category/23/display/1/,https://arokor.com/web/product/medium/202502/1079c01669e6d0b690404c718dcf398b.png,17
259,ROYAL CROWN 알 키미야 (AL KIMIYA’) 100ml,675000,True,https://arokor.com/product/royal-crown-알-키미야-al-kimiya-100ml/259/category/23/display/1/,https://arokor.com/web/product/medium/202502/5d3b3e95d8a2d20696894fd8ce9f7b58.png,16
260,PANTHEON 아우레아 100ml,360000,True,https://arokor.com/product/pantheon-아우레아-100ml/260/category/23/display/1/,https://arokor.com/web/product/medium/202502/410c2e1bd3db58a534f32e42b7975a49.jpg,16
261,PANTHEON 아노네 100ml,360000,True,https://arokor.com/product/pantheon-아노네-100ml/261/category/23/display/1/,https://arokor.com/web/product/medium/202502/94320dcb1cd36f20cfc46c4e82ce1ea0.jpeg,16
262,PANTHEON 애니베르사리오 100ml,360000,True,https://arokor.com/product/pantheon-애니베르사리오-100ml/262/category/23/display/1/,https://arokor.com/web/product/medium/202502/0af2f10a7adae697fae184997e5fb3c8.jpeg,16
263,PANTHEON 코시 블루 100ml,360000,True,https://arokor.com/product/pantheon-코시-블루-100ml/263/category/23/display/1/,https://arokor.com/web/product/medium/202502/e623084539cfed308bc59f1f4b550e50.jpeg,16
264,PANTHEON 돌체 파씨오네 100ml,360000,True,https://arokor.com/product/pantheon-돌체-파씨오네-100ml/264/category/23/display/1/,https://arokor.com/web/product/medium/202502/a4bcb3bbad3df56c38a47820d1ad3c04.jpeg,16
265,PANTHEON 트라스테베레 100ml,360000,True,https://arokor.com/product/pantheon-트라스테베레-100ml/265/category/23/display/1/,https://arokor.com/web/product/medium/202502/e3818269c8de78289c0bf6997ef4e335.jpeg,16
266,PANTHEON 이루 쟈르디노 100ml,360000,True,https://arokor.com/product/pantheon-이루-쟈르디노-100ml/266/category/23/display/1/,https://arokor.com/web/product/medium/202502/bf473bc662d4068853c9719eae5ec900.jpeg,16
267,PANTHEON 노테 다모레 100ml,360000,True,https://arokor.com/product/pantheon-노테-다모레-100ml/267/category/23/display/1/,https://arokor.com/web/product/medium/202502/a21b966e88354a8f254805d317ad5338.jpeg,16
268,PANTHEON 라파엘로 100ml,360000,True,https://arokor.com/product/pantheon-라파엘로-100ml/268/category/23/display/1/,https://arokor.com/web/product/medium/202502/dc7feaf4076b4990885a10f9919b27d4.jpeg,16
269,PANTHEON 돈나 마르게리타 100ml,360000,True,https://arokor.com/product/pantheon-돈나-마르게리타-100ml/269/category/23/display/1/,https://arokor.com/web/product/medium/202502/e57bd30f7d57853c9e8889c07de7e337.jpeg,16
270,BOADICEA THE VICTORIOUS 아덴트 오 드 퍼퓸 100ml,440000,False,https://arokor.com/product/boadicea-the-victorious-아덴트-오-드-퍼퓸-100ml/270/category/23/display/1/,https://arokor.com/web/product/medium/202503/bcc61812e4a4b118e9631b71ba3b477c.jpg,16
271,BOADICEA THE VICTORIOUS 에너자이저 오 드 퍼퓸 100ml,440000,False,https://arokor.com/product/boadicea-the-victorious-에너자이저-오-드-퍼퓸-100ml/271/category/23/display/1/,https://arokor.com/web/product/medium/202503/f4850a6b4d5fe38480f284fe7f15ae90.jpg,15
272,BOADICEA THE VICTORIOUS 모나크 오 드 퍼퓸 100ml,440000,False,https://arokor.com/product/boadicea-the-victorious-모나크-오-드-퍼퓸-100ml/272/category/23/display/1/,https://arokor.com/web/product/medium/202503/1e3ac5014cbc0c969cbea9ccb94539b2.jpg,15
273,BOADICEA THE VICTORIOUS 보데이셔스 오 드 퍼퓸 100ml,590000,False,https://arokor.com/product/boadicea-the-victorious-보데이셔스-오-드-퍼퓸-100ml/273/category/23/display/1/,https://arokor.com/web/product/medium/202503/9c149822fae3ad55e162e915bef6f0c1.jpg,15
274,BOADICEA THE VICTORIOUS 리벨리어스 오 드 퍼퓸 100ml,590000,False,https://arokor.com/product/boadicea-the-victorious-리벨리어스-오-드-퍼퓸-100ml/274/category/23/display/1/,https://arokor.com/web/product/medium/202503/d3d797cdefaca2567580b52d75ac6014.jpg,15
275,BOADICEA THE VICTORIOUS 컨소트 오 드 퍼퓸 100ml,700000,False,https://arokor.com/product/boadicea-the-victorious-컨소트-오-드-퍼퓸-100ml/275/category/23/display/1/,https://arokor.com/web/product/medium/202503/77d4838b508f1b8a7591582bbd0582e5.jpg,15
276,BOADICEA THE VICTORIOUS 엠파이어 오 드 퍼퓸 100ml,700000,False,https://arokor.com/product/boadicea-the-victorious-엠파이어-오-드-퍼퓸-100ml/276/category/23/display/1/,https://arokor.com/web/product/medium/202503/873d16e0e4bed5637d2ec59318dac97f.jpg,15
277,BOADICEA THE VICTORIOUS 히로인 오 드 퍼퓸 100ml,700000,False,https://arokor.com/product/boadicea-the-victorious-히로인-오-드-퍼퓸-100ml/277/category/23/display/1/,https://arokor.com/web/product/medium/202503/a028e9860f719e53f7494ccc02ba3b5d.jpg,15
278,BOADICEA THE VICTORIOUS 주빌리 오 드 퍼퓸 100ml,700000,False,https://arokor.com/product/boadicea-the-victorious-주빌리-오-드-퍼퓸-100ml/278/category/23/display/1/,https://arokor.com/web/product/medium/202503/4ead6599b86be8710aab4fc5203887af.jpg,15
279,BOADICEA THE VICTORIOUS 래비쉬 오 드 퍼퓸 100ml,700000,False,https://arokor.com/product/boadicea-the-victorious-래비쉬-오-드-퍼퓸-100ml/279/category/23/display/1/,https://arokor.com/web/product/medium/202503/e28752eaad3896314300059461240380.jpg,15
280,BOADICEA THE VICTORIOUS 베티버 임페리얼 퓨어 퍼퓸 100ml,700000,False,https://arokor.com/product/boadicea-the-victorious-베티버-임페리얼-퓨어-퍼퓸-100ml/280/category/23/display/1/,https://arokor.com/web/product/medium/202503/8bcdb85f1d4138115730c8601f922e4a.jpg,15
281,BOADICEA THE VICTORIOUS 아즈락 오 드 퍼퓸 100ml,700000,False,https://arokor.com/product/boadicea-the-victorious-아즈락-오-드-퍼퓸-100ml/281/category/23/display/1/,https://arokor.com/web/product/medium/202503/25469774fb154dbfc7a2de35dd9805d4.jpg,15
282,BOADICEA THE VICTORIOUS 블루 사파이어 퓨어 퍼퓸 100ml,1350000,False,https://arokor.com/product/boadicea-the-victorious-블루-사파이어-퓨어-퍼퓸-100ml/282/category/23/display/1/,https://arokor.com/web/product/medium/202503/dd4718d7b2bc072dbb191a62e1d1b95a.jpg,15
283,BOADICEA THE VICTORIOUS 엔젤릭 오 드 퍼퓸 100ml,1350000,False,https://arokor.com/product/boadicea-the-victorious-엔젤릭-오-드-퍼퓸-100ml/283/category/23/display/1/,https://arokor.com/web/product/medium/202503/ba237da352bb128b836663ee5514bc8c.jpg,14
284,BOADICEA THE VICTORIOUS 아쿠아 사파이어 퓨어 퍼퓸 100ml,1350000,True,https://arokor.com/product/boadicea-the-victorious-아쿠아-사파이어-퓨어-퍼퓸-100ml/284/category/23/display/1/,https://arokor.com/web/product/medium/202503/8be462f43f5b6bef20ab2f9974974541.jpg,14
285,BOADICEA THE VICTORIOUS 오팔 퓨어 퍼퓸 100ml,1725000,False,https://arokor.com/product/boadicea-the-victorious-오팔-퓨어-퍼퓸-100ml/285/category/23/display/1/,https://arokor.com/web/product/medium/202503/af4fbbf1182c2f9c5fbb66c57c1e751d.jpg,14
286,BOADICEA THE VICTORIOUS 밸리언트 퓨어 퍼퓸 100ml,1725000,False,https://arokor.com/product/boadicea-the-victorious-밸리언트-퓨어-퍼퓸-100ml/286/category/23/display/1/,https://arokor.com/web/product/medium/202503/47026e6591ed746f64080d6f4c4ea2a1.jpg,14
287,BOADICEA THE VICTORIOUS 하수 퓨어 퍼퓸 100ml,1725000,False,https://arokor.com/product/boadicea-the-victorious-하수-퓨어-퍼퓸-100ml/287/category/23/display/1/,https://arokor.com/web/product/medium/202503/ff657c9fd9adc4d0b7217da0cbb96260.jpg,14
288,BOADICEA THE VICTORIOUS 블루 사파이어 슈퍼차지드 퓨어 퍼퓸 100ml,1800000,False,https://arokor.com/product/boadicea-the-victorious-블루-사파이어-슈퍼차지드-퓨어-퍼퓸-100ml/288/category/23/display/1/,https://arokor.com/web/product/medium/202503/45878d507a6bbd7a7d172db2155a68f2.jpg,14
289,FRAGRANCE DU BOIS 루시어스 (LUCIUS) 100ml,575000,False,https://arokor.com/product/fragrance-du-bois-루시어스-lucius-100ml/289/category/23/display/1/,https://arokor.com/web/product/medium/202504/25ad266794ad48e960bf48b7c92230c0.jpg,14
290,MAISON MATAHA 에스카페이드 구어망 100ml,330000,False,https://arokor.com/product/maison-mataha-에스카페이드-구어망-100ml/290/category/23/display/1/,https://arokor.com/web/product/medium/202512/74c1a441e5d591be8b125fb0daa27e55.jpg,14
291,MAISON MATAHA 브라우니 팝 100ml,330000,False,https://arokor.com/product/maison-mataha-브라우니-팝-100ml/291/category/23/display/1/,https://arokor.com/web/product/medium/202505/77b340e86e53a693e20d5ac5e6ae2ad8.jpg,14
292,MAISON MATAHA 이베이션 본본 100ml,330000,False,https://arokor.com/product/maison-mataha-이베이션-본본-100ml/292/category/23/display/1/,https://arokor.com/web/product/medium/202505/926cf2e88705408d833aefff35d1179f.jpg,14
293,MAISON MATAHA 프랭땅 블랑 100ml,330000,False,https://arokor.com/product/maison-mataha-프랭땅-블랑-100ml/293/category/23/display/1/,https://arokor.com/web/product/medium/202512/f671335fd7b800ef82516018300ff322.jpg,14
294,ROYAL CROWN 하바노스 (HABANOS) 100ml,795000,True,https://arokor.com/product/royal-crown-하바노스-habanos-100ml/294/category/23/display/1/,https://arokor.com/web/product/medium/202505/2c57faeda3e02be50f13075338dfe79b.jpg,14
295,ROYAL CROWN 술탄 (SULTAN) 100ml,850000,False,https://arokor.com/product/royal-crown-술탄-sultan-100ml/295/category/23/display/1/,https://arokor.com/web/product/medium/202505/5590b80038fb390d85ce91da43940d8a.jpg,13
296,ROYAL CROWN 하바노스 (HABANOS) 50ml,485000,True,https://arokor.com/product/royal-crown-하바노스-habanos-50ml/296/category/23/display/1/,https://arokor.com/web/product/medium/202505/38be26c0cee23904f0ce5abeb58ccb47.jpg,13
297,ROYAL CROWN 술탄 (SULTAN) 50ml,620000,True,https://arokor.com/product/royal-crown-술탄-sultan-50ml/297/category/23/display/1/,https://arokor.com/web/product/medium/202505/c07ab630c782d182d087637376f97869.jpg,13
298,BOADICEA THE VICTORIOUS 하누만 퓨어 퍼퓸 100ml,1725000,False,https://arokor.com/product/boadicea-the-victorious-하누만-퓨어-퍼퓸-100ml/298/category/23/display/1/,https://arokor.com/web/product/medium/202506/ff07d8402e2a75d4600794c8caac22a6.jpg,13
299,BOADICEA THE VICTORIOUS 그린 사파이어 퓨어 퍼퓸 100ml,1350000,False,https://arokor.com/product/boadicea-the-victorious-그린-사파이어-퓨어-퍼퓸-100ml/299/category/23/display/1/,https://arokor.com/web/product/medium/202506/cdb14b6cb2c768d818db13b270cdf527.jpg,13
300,BOADICEA THE VICTORIOUS 드래곤 퓨어 퍼퓸 100ml,1725000,False,https://arokor.com/product/boadicea-the-victorious-드래곤-퓨어-퍼퓸-100ml/300/category/23/display/1/,https://arokor.com/web/product/medium/202506/c047bfb851730a655ac28b013a55ddae.jpg,13
301,BOADICEA THE VICTORIOUS 브레이버리 오 드 퍼퓸 100ml,590000,False,https://arokor.com/product/boadicea-the-victorious-브레이버리-오-드-퍼퓸-100ml/301/category/23/display/1/,https://arokor.com/web/product/medium/202506/459c0d1df7229e8cc43dfa6bae9c4ad5.jpg,13
302,BOADICEA THE VICTORIOUS 글로리어스 오 드 퍼퓸 100ml,440000,False,https://arokor.com/product/boadicea-the-victorious-글로리어스-오-드-퍼퓸-100ml/302/category/23/display/1/,https://arokor.com/web/product/medium/202506/4fe0f2839e538f098d6e1a7b45e9e478.jpg,13
303,BOADICEA THE VICTORIOUS 임페리얼 오 드 퍼퓸 100ml,590000,False,https://arokor.com/product/boadicea-the-victorious-임페리얼-오-드-퍼퓸-100ml/303/category/23/display/1/,https://arokor.com/web/product/medium/202506/d0b114e2673a720ecc89fdb923362670.jpg,13
304,ELLA K 엠버 케이,485000,False,https://arokor.com/product/ella-k-엠버-케이/304/category/23/display/1/,https://arokor.com/web/product/medium/202507/1d6fb6f65e1ae30f3276e84d18aeab84.jpg,13
305,UNE NUIT NOMADE 슈맹 다망드 엑스뜨레 드 퍼퓸 50ml,265000,False,https://arokor.com/product/une-nuit-nomade-슈맹-다망드-엑스뜨레-드-퍼퓸-50ml/305/category/23/display/1/,https://arokor.com/web/product/medium/202507/38c255b72a06f7fffd702db020399ca9.jpg,13
306,UNE NUIT NOMADE 자르댕 드 미스파 엑스뜨레 드 퍼퓸 50ml,265000,True,https://arokor.com/product/une-nuit-nomade-자르댕-드-미스파-엑스뜨레-드-퍼퓸-50ml/306/category/23/display/1/,https://arokor.com/web/product/medium/202507/5f7fb9b8d0eb2ed39986ee44a14aa6fc.jpg,13
307,UNE NUIT NOMADE 실버 샤프론 엑스뜨레 드 퍼퓸 50ml,265000,True,https://arokor.com/product/une-nuit-nomade-실버-샤프론-엑스뜨레-드-퍼퓸-50ml/307/category/23/display/1/,https://arokor.com/web/product/medium/202507/9923293fd3f93fadf7b59bd5177f30e0.jpg,12
308,UNE NUIT NOMADE 에스트레야 데 라 마냐나 엑스뜨레 드 퍼퓸 50ml,265000,True,https://arokor.com/product/une-nuit-nomade-에스트레야-데-라-마냐나-엑스뜨레-드-퍼퓸-50ml/308/category/23/display/1/,https://arokor.com/web/product/medium/202507/fe80808535e66a407246f2258a008da3.jpg,12
309,UNE NUIT NOMADE 플뢰르 데 플뢰르 50ml,170000,False,https://arokor.com/product/une-nuit-nomade-플뢰르-데-플뢰르-50ml/309/category/23/display/1/,https://arokor.com/web/product/medium/202507/d6ab82f1642759489a70368523616d45.jpg,12
310,UNE NUIT NOMADE 자르댕 드 미스파 50ml,170000,True,https://arokor.com/product/une-nuit-nomade-자르댕-드-미스파-50ml/310/category/23/display/1/,https://arokor.com/web/product/medium/202507/555c6a458d99b5b1caa3e6ec1813899d.jpg,12
311,UNE NUIT NOMADE 러브 앳 퍼스트 사이트 50ml,170000,False,https://arokor.com/product/une-nuit-nomade-러브-앳-퍼스트-사이트-50ml/311/category/23/display/1/,https://arokor.com/web/product/medium/202507/1b71065dec320e76de903478a33f0f7f.jpg,12
312,UNE NUIT NOMADE 메모리 모텔 50ml,170000,True,https://arokor.com/product/une-nuit-nomade-메모리-모텔-50ml/312/category/23/display/1/,https://arokor.com/web/product/medium/202507/13613870d264b4ad770816b501097857.jpg,12
313,UNE NUIT NOMADE 낫띵 벗 씨 앤드 스카이 50ml,170000,False,https://arokor.com/product/une-nuit-nomade-낫띵-벗-씨-앤드-스카이-50ml/313/category/23/display/1/,https://arokor.com/web/product/medium/202507/094750b206704ffce80d96d1df210849.jpg,12
314,UNE NUIT NOMADE 슈가 레더 50ml,170000,True,https://arokor.com/product/une-nuit-nomade-슈가-레더-50ml/314/category/23/display/1/,https://arokor.com/web/product/medium/202507/01efe5ff9596410dbd0df532b55b95d7.jpg,12
315,UNE NUIT NOMADE 썬 블리치드 50ml,170000,True,https://arokor.com/product/une-nuit-nomade-썬-블리치드-50ml/315/category/23/display/1/,https://arokor.com/web/product/medium/202507/9ca103bcfb6f2f7cb6590303d74e051a.jpg,12
316,BOADICEA THE VICTORIOUS 사파이어 컬렉션 10ML 기프트 세트,300000,True,https://arokor.com/product/boadicea-the-victorious-사파이어-컬렉션-10ml-기프트-세트/316/category/23/display/1/,https://arokor.com/web/product/medium/202508/6857f15e3bcbc15e86bdf099250c0bae.jpg,12
317,MAISON MATAHA 페쉐 벨루어 100ml,330000,False,https://arokor.com/product/maison-mataha-페쉐-벨루어-100ml/317/category/23/display/1/,https://arokor.com/web/product/medium/202512/54745ad85ce09d22d2cfb150beedd5aa.jpg,12
318,ROOM 1015 러브-오-매틱 100ml,270000,False,https://arokor.com/product/room-1015-러브-오-매틱-100ml/318/category/23/display/1/,https://arokor.com/web/product/medium/202508/efcb6c99c3218ded2b9a668afde8f737.jpg,12
319,ROOM 1015 자스민 프릭 100ml,270000,False,https://arokor.com/product/room-1015-자스민-프릭-100ml/319/category/23/display/1/,https://arokor.com/web/product/medium/202508/b7e6cf83ef2a89068a6841c9a10f54d3.jpg,11
320,ROOM 1015 자스민 프릭 50ml,160000,False,https://arokor.com/product/room-1015-자스민-프릭-50ml/320/category/23/display/1/,https://arokor.com/web/product/medium/202508/b7e6cf83ef2a89068a6841c9a10f54d3.jpg,11
321,ROOM 1015 체리 펑크 엑스뜨레 드 퍼퓸 100ml,350000,False,https://arokor.com/product/room-1015-체리-펑크-엑스뜨레 드 퍼퓸-100ml/321/category/23/display/1/,https://arokor.com/web/product/medium/202508/9bf3fcb24e2de4715d14e4f295bcc020.jpg,11
322,ROOM 1015 체리 펑크 100ml,270000,False,https://arokor.com/product/room-1015-체리-펑크-100ml/322/category/23/display/1/,https://arokor.com/web/product/medium/202508/1942182abca8a5ec3b56e8229a333433.jpg,11
327,ROOM 1015 소닉 플라워 100ml,270000,False,https://arokor.com/product/room-1015-소닉-플라워-100ml/327/category/23/display/1/,https://arokor.com/web/product/medium/202508/eba67fad0371177e54e0499a66fff195.jpg,11
328,ROOM 1015 소닉 플라워 50ml,160000,True,https://arokor.com/product/room-1015-소닉-플라워-50ml/328/category/23/display/1/,https://arokor.com/web/product/medium/202508/f1241452f3458b915ec989e5800c305d.jpg,11
330,ROOM 1015 웨이브차일드 100ml,270000,False,https://arokor.com/product/room-1015-웨이브차일드-100ml/330/category/23/display/1/,https://arokor.com/web/product/medium/202508/05814365e09a1987159ed6041a91c641.jpg,11
331,ROOM 1015 웨이브차일드 50ml,160000,True,https://arokor.com/product/room-1015-웨이브차일드-50ml/331/category/23/display/1/,https://arokor.com/web/product/medium/202508/05814365e09a1987159ed6041a91c641.jpg,11
332,BOADICEA THE VICTORIOUS 엔비어스 오 드 퍼퓸 100ml,590000,False,https://arokor.com/product/boadicea-the-victorious-엔비어스-오-드-퍼퓸-100ml/332/category/23/display/1/,https://arokor.com/web/product/medium/202508/2d00cd569d279110509ee190eed1b045.jpg,11
333,BOADICEA THE VICTORIOUS 나이트 오브 러브 퓨어 퍼퓸 100ml,900000,False,https://arokor.com/product/boadicea-the-victorious-나이트-오브-러브-퓨어-퍼퓸-100ml/333/category/23/display/1/,https://arokor.com/web/product/medium/202508/239d8702a0a63f507c86c80e84e965ea.jpg,11
334,BOADICEA THE VICTORIOUS 알마스 퓨어 퍼퓸 100ml,1350000,False,https://arokor.com/product/boadicea-the-victorious-알마스-퓨어-퍼퓸-100ml/334/category/23/display/1/,https://arokor.com/web/product/medium/202508/07de5163f846230706c0c85337c1c831.jpg,11
335,STEPHANE HUMBERT LUCAS 씨 마이 러브 EAU DE PARFUM,320000,False,https://arokor.com/product/stephane-humbert-lucas-씨-마이-러브-eau-de-parfum/335/category/23/display/1/,https://arokor.com/web/product/medium/202509/7a32d4ffc2539594a4c5c524ea8acfc0.jpg,11
336,FRAGRANCE DU BOIS 시렌 프리베 (SIRÈNE PRIVÉE) 75ml,550000,False,https://arokor.com/product/fragrance-du-bois-시렌-프리베-sirÈne-privÉe-75ml/336/category/23/display/1/,https://arokor.com/web/product/medium/202509/f70ac065838864fe70a4d9df95ee3c51.jpg,10
337,UNE NUIT NOMADE 보헤미안 소울 50ml,170000,False,https://arokor.com/product/une-nuit-nomade-보헤미안-소울-50ml/337/category/23/display/1/,https://arokor.com/web/product/medium/202509/44e4bcc165e7bfceb555310d5477c7bd.jpg,10
338,STEPHANE HUMBERT LUCAS 더 퀸 앤 더 바이퍼 EAU DE PARFUM,320000,False,https://arokor.com/product/stephane-humbert-lucas-더-퀸-앤-더-바이퍼-eau-de-parfum/338/category/23/display/1/,https://arokor.com/web/product/medium/202510/949da5e58ce32f613d558bc89b06bf18.jpg,10
339,BOADICEA THE VICTORIOUS 오우드 사파이어 퓨어 퍼퓸 100ml,1350000,False,https://arokor.com/product/boadicea-the-victorious-오우드-사파이어-퓨어-퍼퓸-100ml/339/category/23/display/1/,https://arokor.com/web/product/medium/202510/dd9947c7361f7100e91783c0b130ccfa.jpg,10
340,BOADICEA THE VICTORIOUS 토바코 사파이어 퓨어 퍼퓸 100ml,1350000,False,https://arokor.com/product/boadicea-the-victorious-토바코-사파이어-퓨어-퍼퓸-100ml/340/category/23/display/1/,https://arokor.com/web/product/medium/202510/d60f3ad7f8419043685a2992fa966f80.jpg,10
341,REINVENTED 세이크리드 본드 엑스뜨레 드 퍼퓸 75ml,330000,False,https://arokor.com/product/reinvented-세이크리드-본드-엑스뜨레-드-퍼퓸-75ml/341/category/23/display/1/,https://arokor.com/web/product/medium/202510/a45bafadc4897c0b1c6b5530b46b46c6.jpg,10
342,REINVENTED 에테리얼 소울 엑스뜨레 드 퍼퓸 75ml,330000,False,https://arokor.com/product/reinvented-에테리얼-소울-엑스뜨레-드-퍼퓸-75ml/342/category/23/display/1/,https://arokor.com/web/product/medium/202510/25e3ab78fea8abcdd8b4513c9ab3ce86.jpg,10
343,REINVENTED 오드 투 사이키 엑스뜨레 드 퍼퓸 75ml,350000,True,https://arokor.com/product/reinvented-오드-투-사이키-엑스뜨레-드-퍼퓸-75ml/343/category/23/display/1/,https://arokor.com/web/product/medium/202510/751c4a9fec0b17d9958173a34bbc8f9d.jpg,10
344,REINVENTED 루시드 드림 엑스뜨레 드 퍼퓸 75ml,330000,False,https://arokor.com/product/reinvented-루시드-드림-엑스뜨레-드-퍼퓸-75ml/344/category/23/display/1/,https://arokor.com/web/product/medium/202510/518d1929313c0af7c2a8b88d3df9176b.jpg,10
349,BOADICEA THE VICTORIOUS 라노시아 퓨어 퍼퓸 100ml,900000,False,https://arokor.com/product/boadicea-the-victorious-라노시아-퓨어-퍼퓸-100ml/349/category/23/display/1/,https://arokor.com/web/product/medium/202510/d69942d7ad5b1e075b28242e9d722086.jpg,10
350,BOADICEA THE VICTORIOUS 레스플렌던트 퓨어 퍼퓸 100ml,2500000,False,https://arokor.com/product/boadicea-the-victorious-레스플렌던트-퓨어-퍼퓸-100ml/350/category/23/display/1/,https://arokor.com/web/product/medium/202510/669ddf7507544d1a801a660df79dc603.jpg,10
351,BOADICEA THE VICTORIOUS 네뷸러스 퓨어 퍼퓸 100ml,2750000,False,https://arokor.com/product/boadicea-the-victorious-네뷸러스-퓨어-퍼퓸-100ml/351/category/23/display/1/,https://arokor.com/web/product/medium/202510/9718635111b39ed1e9d5cef00c354103.jpg,10
352,STEPHANE HUMBERT LUCAS 핑크 보아 EAU DE PARFUM,320000,False,https://arokor.com/product/stephane-humbert-lucas-핑크-보아-eau-de-parfum/352/category/23/display/1/,https://arokor.com/web/product/medium/202511/9a6a59460fe5c786116109f8766b8e23.jpg,9
353,ELLA K 로즈 드 푸쉬카르,475000,False,https://arokor.com/product/ella-k-로즈-드-푸쉬카르/353/category/23/display/1/,https://arokor.com/web/product/medium/202511/f9008d58631de946ef09b4f2312ab9ac.jpg,9
354,ROOM 1015 일렉트릭 우드 엑스뜨레 드 퍼퓸 100ml,350000,False,https://arokor.com/product/room-1015-일렉트릭-우드-엑스뜨레 드 퍼퓸-100ml/354/category/23/display/1/,https://arokor.com/web/product/medium/202511/d540c2836e50897e7180ebddf45560f4.jpg,9
355,BOADICEA THE VICTORIOUS 데케던스 퓨어 퍼퓸 100ml,2500000,False,https://arokor.com/product/boadicea-the-victorious-데케던스-퓨어-퍼퓸-100ml/355/category/23/display/1/,https://arokor.com/web/product/medium/202511/30de533d25fc0fbfdb7c64779d78db58.jpg,9
356,MAISON MATAHA 카페 데 데리스 100ml,330000,False,https://arokor.com/product/maison-mataha-카페-데-데리스-100ml/356/category/23/display/1/,https://arokor.com/web/product/medium/202512/c57367fc860b583b8114947716c731dc.jpg,9
357,BOADICEA THE VICTORIOUS 하모니어스 퓨어 퍼퓸 100ml,590000,False,https://arokor.com/product/boadicea-the-victorious-하모니어스-퓨어-퍼퓸-100ml/357/category/23/display/1/,https://arokor.com/web/product/medium/202512/50ce9dce8d03d66b42219b759a2a0f76.jpg,9
358,ROOM 1015 체리 펑크 50ml,160000,True,https://arokor.com/product/room-1015-체리-펑크-50ml/358/category/23/display/1/,https://arokor.com/web/product/medium/202508/1942182abca8a5ec3b56e8229a333433.jpg,9
359,ROOM 1015 러브-오-매틱 50ml,160000,False,https://arokor.com/product/room-1015-러브-오-매틱-50ml/359/category/23/display/1/,https://arokor.com/web/product/medium/202508/efcb6c99c3218ded2b9a668afde8f737.jpg,9
361,SOSPIRO 바쏘 100ml,470000,False,https://arokor.com/product/sospiro-바쏘-100ml/361/category/23/display/1/,https://arokor.com/web/product/medium/202601/d9f8bf8d0225b6ec412e3e967a5a8296.jpg,9
362,SOSPIRO 비브라토 100ml,470000,False,https://arokor.com/product/sospiro-비브라토-100ml/362/category/23/display/1/,https://arokor.com/web/product/medium/202601/610a036d3d6b042ae30403381787bcd2.jpg,9
363,SOSPIRO 콘트랄토 100ml,415000,False,https://arokor.com/product/sospiro-콘트랄토-100ml/363/category/23/display/1/,https://arokor.com/web/product/medium/202601/0bba4d070c867f274f51c9f32b9fd7a3.jpg,9
364,SOSPIRO 돌체 멜로디아 100ml,455000,False,https://arokor.com/product/sospiro-돌체-멜로디아-100ml/364/category/23/display/1/,https://arokor.com/web/product/medium/202601/21c9d0038491068d598ad57159cdcff4.jpg,9
365,SOSPIRO 마라스키노 100ml,470000,False,https://arokor.com/product/sospiro-마라스키노-100ml/365/category/23/display/1/,https://arokor.com/web/product/medium/202601/ea1025eed7b6f7cbf6e80c9b019f6550.jpg,8
366,SOSPIRO 트라비아타 100ml,470000,False,https://arokor.com/product/sospiro-트라비아타-100ml/366/category/23/display/1/,https://arokor.com/web/product/medium/202601/d81eef2fd60102c50e786ebdfd284f15.jpg,8
367,SOSPIRO 돌체 소나타 100ml,470000,False,https://arokor.com/product/sospiro-돌체-소나타-100ml/367/category/23/display/1/,https://arokor.com/web/product/medium/202601/b545f95886142e51d120eed23200d60f.jpg,8
368,SOSPIRO 일 파드리노 100ml,470000,False,https://arokor.com/product/sospiro-일-파드리노-100ml/368/category/23/display/1/,https://arokor.com/web/product/medium/202601/69f13d35fba9e3068175cfa4e02c816d.jpg,8
369,SOSPIRO 엘바 퓨라 매지카 100ml,390000,False,https://arokor.com/product/sospiro-엘바-퓨라-매지카-100ml/369/category/23/display/1/,https://arokor.com/web/product/medium/202601/0c316fc90bfcbd3afec0b54147a4bd33.jpg,8
370,ROYAL CROWN 앱솔루트 (ABSOLUTE) 100ml,1650000,False,https://arokor.com/product/royal-crown-앱솔루트-absolute-100ml/370/category/23/display/1/,https://arokor.com/web/product/medium/202601/d08c0da25c5eacf12117001feaa50c24.jpg,8
371,ROYAL CROWN 앱솔루트 (한국 독점 판매),225000,False,https://arokor.com/product/royal-crown-앱솔루트-한국-독점-판매/371/category/23/display/1/,https://arokor.com/web/product/medium/202601/6327bc202b9c70f53703304b31022b12.jpg,8
372,GOLDFIELD & BANKS 퍼시픽 락 모스 100ml,310000,False,https://arokor.com/product/goldfield-banks-퍼시픽-락-모스-100ml/372/category/23/display/1/,https://arokor.com/web/product/medium/202603/e0f4cbbcf475e23883ed970a732a450e.jpg,8
373,GOLDFIELD & BANKS 퍼시픽 락 모스 50ml,220000,False,https://arokor.com/product/goldfield-banks-퍼시픽-락-모스-50ml/373/category/23/display/1/,https://arokor.com/web/product/medium/202603/cde40b757df7be969e95fb525cfac4db.jpg,8
374,GOLDFIELD & BANKS 퍼시픽 락 모스 10ml,60000,False,https://arokor.com/product/goldfield-banks-퍼시픽-락-모스-10ml/374/category/23/display/1/,https://arokor.com/web/product/medium/202603/1e72e02eca211930f876d1e83038dae2.jpg,8
375,GOLDFIELD & BANKS 서던 블룸 100ml,320000,False,https://arokor.com/product/goldfield-banks-서던-블룸-100ml/375/category/23/display/1/,https://arokor.com/web/product/medium/202603/cdb49d1f3135a4d47970234332a1485c.jpg,8
376,GOLDFIELD & BANKS 서던 블룸 10ml,60000,True,https://arokor.com/product/goldfield-banks-서던-블룸-10ml/376/category/23/display/1/,https://arokor.com/web/product/medium/202603/2b3f3cc26a912604c0a5d2d5fb7c0eff.jpg,8
377,GOLDFIELD & BANKS 보헤미안 라임 100ml,310000,False,https://arokor.com/product/goldfield-banks-보헤미안-라임-100ml/377/category/23/display/1/,https://arokor.com/web/product/medium/202603/7ef4f5462eedef06211b02fbf707c0cd.jpg,7
378,GOLDFIELD & BANKS 보헤미안 라임 50ml,220000,False,https://arokor.com/product/goldfield-banks-보헤미안-라임-50ml/378/category/23/display/1/,https://arokor.com/web/product/medium/202603/431ca6e5ce89659e111202bc6f8833d3.jpg,7
379,GOLDFIELD & BANKS 보헤미안 라임 10ml,60000,False,https://arokor.com/product/goldfield-banks-보헤미안-라임-10ml/379/category/23/display/1/,https://arokor.com/web/product/medium/202603/e0b8dfa8eac966b20ba638fd93e14e0b.jpg,7
380,GOLDFIELD & BANKS 실키 우드 100ml,410000,False,https://arokor.com/product/goldfield-banks-실키-우드-100ml/380/category/23/display/1/,https://arokor.com/web/product/medium/202603/a85e54d2d138d7e39e16ed4566323ad5.jpg,7
381,GOLDFIELD & BANKS 실키 우드 50ml,290000,False,https://arokor.com/product/goldfield-banks-실키-우드-50ml/381/category/23/display/1/,https://arokor.com/web/product/medium/202603/1003c4214283bb189b9994e1e055d3b1.jpg,7
382,GOLDFIELD & BANKS 실키 우드 10ml,80000,False,https://arokor.com/product/goldfield-banks-실키-우드-10ml/382/category/23/display/1/,https://arokor.com/web/product/medium/202603/0f7f5771a3a2d6a0518e1128f5edf83f.jpg,7
383,GOLDFIELD & BANKS 선셋 아워 100ml,310000,False,https://arokor.com/product/goldfield-banks-선셋-아워-100ml/383/category/23/display/1/,https://arokor.com/web/product/medium/202603/8084e53182e667ac0a95336eaf967d7b.jpg,7
384,GOLDFIELD & BANKS 선셋 아워 50ml,220000,False,https://arokor.com/product/goldfield-banks-선셋-아워-50ml/384/category/23/display/1/,https://arokor.com/web/product/medium/202603/40071622d25837ca22f3fd90fef44b42.jpg,7
385,GOLDFIELD & BANKS 선셋 아워 10ml,60000,False,https://arokor.com/product/goldfield-banks-선셋-아워-10ml/385/category/23/display/1/,https://arokor.com/web/product/medium/202603/38ae446428d073ac5c9d4e7654fd329b.jpg,7
386,GOLDFIELD & BANKS 인지니어스 진저 100ml,310000,False,https://arokor.com/product/goldfield-banks-인지니어스-진저-100ml/386/category/23/display/1/,https://arokor.com/web/product/medium/202603/a689ccb5abd6ad9540792fe0d752bd67.jpg,7
387,GOLDFIELD & BANKS 인지니어스 진저 50ml,220000,False,https://arokor.com/product/goldfield-banks-인지니어스-진저-50ml/387/category/23/display/1/,https://arokor.com/web/product/medium/202603/3419453e6efe50372fad362e74ce557d.jpg,7
388,GOLDFIELD & BANKS 인지니어스 진저 10ml,60000,False,https://arokor.com/product/goldfield-banks-인지니어스-진저-10ml/388/category/23/display/1/,https://arokor.com/web/product/medium/202603/ec48010166912b09bb3b3a32c029e80a.jpg,7
389,GOLDFIELD & BANKS 미스틱 블리스 100ml,310000,False,https://arokor.com/product/goldfield-banks-미스틱-블리스-100ml/389/category/23/display/1/,https://arokor.com/web/product/medium/202603/addca798002f073bdfec067d38e41278.jpg,6
390,GOLDFIELD & BANKS 미스틱 블리스 50ml,220000,False,https://arokor.com/product/goldfield-banks-미스틱-블리스-50ml/390/category/23/display/1/,https://arokor.com/web/product/medium/202603/88edddfd7dd9893b6dae8bd1d51e7ff3.jpg,6
391,GOLDFIELD & BANKS 미스틱 블리스 10ml,60000,False,https://arokor.com/product/goldfield-banks-미스틱-블리스-10ml/391/category/23/display/1/,https://arokor.com/web/product/medium/202603/d7325d6f40180b4775e6de4b6fa8231e.jpg,6
392,GOLDFIELD & BANKS 퍼시픽 락 플라워 100ml,310000,False,https://arokor.com/product/goldfield-banks-퍼시픽-락-플라워-100ml/392/category/23/display/1/,https://arokor.com/web/product/medium/202603/15e0baf3dd8fccd777f57cc319a5b82b.jpg,6
393,GOLDFIELD & BANKS 퍼시픽 락 플라워 10ml,60000,False,https://arokor.com/product/goldfield-banks-퍼시픽-락-플라워-10ml/393/category/23/display/1/,https://arokor.com/web/product/medium/202603/f4d99502a7a75c5dd59b853d1ac7e2da.jpg,6
394,GOLDFIELD & BANKS 우드 인퓨전 100ml,310000,False,https://arokor.com/product/goldfield-banks-우드-인퓨전-100ml/394/category/23/display/1/,https://arokor.com/web/product/medium/202603/da3f3d5d21b659b33c2db82014b2f529.jpg,6
395,GOLDFIELD & BANKS 우드 인퓨전 10ml,60000,False,https://arokor.com/product/goldfield-banks-우드-인퓨전-10ml/395/category/23/display/1/,https://arokor.com/web/product/medium/202603/5617bce4a33b9dc872c5fbcced037458.jpg,6
396,GOLDFIELD & BANKS 데저트 로즈우드 100ml,310000,False,https://arokor.com/product/goldfield-banks-데저트-로즈우드-100ml/396/category/23/display/1/,https://arokor.com/web/product/medium/202603/040ceb18a5fe9c0b23baa33162ab5ada.jpg,6
397,GOLDFIELD & BANKS 데저트 로즈우드 10ml,60000,False,https://arokor.com/product/goldfield-banks-데저트-로즈우드-10ml/397/category/23/display/1/,https://arokor.com/web/product/medium/202603/ae7fc1714f72aa1c0fe562a3950280a1.jpg,6
398,GOLDFIELD & BANKS 화이트 샌달우드 100ml,310000,False,https://arokor.com/product/goldfield-banks-화이트-샌달우드-100ml/398/category/23/display/1/,https://arokor.com/web/product/medium/202603/befd3faa65a70b8b1f07d63b75a3b8f1.jpg,6
399,GOLDFIELD & BANKS 블루 사이프러스 100ml,310000,False,https://arokor.com/product/goldfield-banks-블루-사이프러스-100ml/399/category/23/display/1/,https://arokor.com/web/product/medium/202604/76b7fa278ab9b1f4222c4a195d290140.jpg,6
400,GOLDFIELD & BANKS 벨벳 스플렌더 100ml,310000,False,https://arokor.com/product/goldfield-banks-벨벳-스플렌더-100ml/400/category/23/display/1/,https://arokor.com/web/product/medium/202604/e54defbb3c3e55319a6dd3d9464a9c18.jpg,6
401,GOLDFIELD & BANKS 퍼플 스웨이드 100ml,410000,False,https://arokor.com/product/goldfield-banks-퍼플-스웨이드-100ml/401/category/23/display/1/,https://arokor.com/web/product/medium/202604/13ae525b7b8c4da6129ac54932e0fb8e.jpg,5
402,GOLDFIELD & BANKS 퍼플 스웨이드 10ml,80000,False,https://arokor.com/product/goldfield-banks-퍼플-스웨이드-10ml/402/category/23/display/1/,https://arokor.com/web/product/medium/202604/8fd51a3059f462ce4a1b0ee6e834ef6f.jpg,5
403,GOLDFIELD & BANKS 아일랜드 러쉬 100ml,410000,False,https://arokor.com/product/goldfield-banks-아일랜드-러쉬-100ml/403/category/23/display/1/,https://arokor.com/web/product/medium/202604/f13113c7d0a4a1845469fec71dee15c9.jpg,5
404,GOLDFIELD & BANKS 아일랜드 러쉬 10ml,80000,False,https://arokor.com/product/goldfield-banks-아일랜드-러쉬-10ml/404/category/23/display/1/,https://arokor.com/web/product/medium/202604/5103538bc73d8df07cd2cef98e020e84.jpg,5
405,GOLDFIELD & BANKS 실키 우드 엘릭서 100ml,500000,False,https://arokor.com/product/goldfield-banks-실키-우드-엘릭서-100ml/405/category/23/display/1/,https://arokor.com/web/product/medium/202604/166dd3512c55de9edd855c9cb72f384b.jpg,5
406,GOLDFIELD & BANKS 실키 우드 엘릭서 10ml,95000,False,https://arokor.com/product/goldfield-banks-실키-우드-엘릭서-10ml/406/category/23/display/1/,https://arokor.com/web/product/medium/202604/fb66e1d294148a349e83b0cd4c5e08b0.jpg,5
407,GOLDFIELD & BANKS 테일즈 오브 앰버 100ml,500000,False,https://arokor.com/product/goldfield-banks-테일즈-오브-앰버-100ml/407/category/23/display/1/,https://arokor.com/web/product/medium/202604/8baa10615445e7ca67abdd23ce33766b.jpg,5
408,GOLDFIELD & BANKS 테일즈 오브 앰버 10ml,95000,False,https://arokor.com/product/goldfield-banks-테일즈-오브-앰버-10ml/408/category/23/display/1/,https://arokor.com/web/product/medium/202604/12900749dd5bec83a451d75627b3288c.jpg,5
409,GOLDFIELD & BANKS 로즈 매그니튜드 100ml,410000,False,https://arokor.com/product/goldfield-banks-로즈-매그니튜드-100ml/409/category/23/display/1/,https://arokor.com/web/product/medium/202604/d1b47145a08c52a852ab1f0fd3a13a6c.jpg,5
410,GOLDFIELD & BANKS 로즈 매그니튜드 10ml,80000,False,https://arokor.com/product/goldfield-banks-로즈-매그니튜드-10ml/410/category/23/display/1/,https://arokor.com/web/product/medium/202604/63d6c720745e136fd8a19fd37d4a4a67.jpg,5
411,GOLDFIELD & BANKS 퍼시픽 락 플라워 50ml,220000,False,https://arokor.com/product/goldfield-banks-퍼시픽-락-플라워-50ml/411/category/23/display/1/,https://arokor.com/web/product/medium/202604/e9f7d2baa7769d56fbee39b1cbeb4b5d.jpg,5
412,ROOM 1015 포피 라이엇 100ml,270000,False,https://arokor.com/product/room-1015-포피-라이엇-100ml/412/category/23/display/1/,https://arokor.com/web/product/medium/202604/e55571a4f6c1db835cdef12abead494b.jpg,5
413,BOADICEA THE VICTORIOUS 앰버 사파이어 퓨어 퍼퓸 100ml,1350000,False,https://arokor.com/product/boadicea-the-victorious-앰버-사파이어-퓨어-퍼퓸-100ml/413/category/23/display/1/,https://arokor.com/web/product/medium/202604/ab315b05c3f87a3b71cf6348eff19d49.jpg,4
414,BOADICEA THE VICTORIOUS 로즈 사파이어 퓨어 퍼퓸 100ml,1350000,False,https://arokor.com/product/boadicea-the-victorious-로즈-사파이어-퓨어-퍼퓸-100ml/414/category/23/display/1/,https://arokor.com/web/product/medium/202604/a93ff0749686e9d25e1a9b09cc407d3d.jpg,4
415,BOADICEA THE VICTORIOUS 바이올렛 사파이어 슈퍼차지드 퓨어 퍼퓸 100ml,1800000,False,https://arokor.com/product/boadicea-the-victorious-바이올렛-사파이어-슈퍼차지드-퓨어-퍼퓸-100ml/415/category/23/display/1/,https://arokor.com/web/product/medium/202604/7a74c59842f1232deccef0fcddb2142f.jpg,4
416,BOADICEA THE VICTORIOUS 카본 사파이어 슈퍼차지드 퓨어 퍼퓸 100ml,1800000,False,https://arokor.com/product/boadicea-the-victorious-카본-사파이어-슈퍼차지드-퓨어-퍼퓸-100ml/416/category/23/display/1/,https://arokor.com/web/product/medium/202604/508bf36097966bab8dc62140dbf43832.jpg,4
417,BOADICEA THE VICTORIOUS 이터널 사파이어 컬렉션 10ML 기프트 세트,425000,False,https://arokor.com/product/boadicea-the-victorious-이터널-사파이어-컬렉션-10ml-기프트-세트/417/category/23/display/1/,https://arokor.com/web/product/medium/202604/a64838a1bb65a8caca7b67d5a5fae559.jpg,4
418,BOADICEA THE VICTORIOUS 더 시트러스 10ML 기프트 세트,390000,False,https://arokor.com/product/boadicea-the-victorious-더-시트러스-10ml-기프트-세트/418/category/23/display/1/,https://arokor.com/web/product/medium/202604/4a7c7f06abf4dd4b482705336284cdcf.jpg,4
419,ELLA K 미르 케이,485000,False,https://arokor.com/product/ella-k-미르-케이/419/category/23/display/1/,https://arokor.com/web/product/medium/202604/aca5b16a97e50f3fc59aeaef4adfe011.jpg,4
420,FRAGRANCE DU BOIS 루시어스 맥시머스 (LUCIUS MAXIMUS) 100ml,575000,False,https://arokor.com/product/fragrance-du-bois-루시어스-맥시머스-lucius-maximus-100ml/420/category/23/display/1/,https://arokor.com/web/product/medium/202604/d52d8bc891cd15270dda6f14b638c917.jpg,4
421,FRAGRANCE DU BOIS 와일드 오렌지(WILD ORANGE) 100ml,575000,False,https://arokor.com/product/fragrance-du-bois-와일드-오렌지wild-orange-100ml/421/category/23/display/1/,https://arokor.com/web/product/medium/202605/faa3737ca1898d89ca9b16b01f32f067.jpg,4
422,BOADICEA THE VICTORIOUS 베스트셀러 10ML 기프트 세트,390000,False,https://arokor.com/product/boadicea-the-victorious-베스트셀러-10ml-기프트-세트/422/category/23/display/1/,https://arokor.com/web/product/medium/202605/054a63a174bed0b3ce8ceb6ae046b099.jpg,4
423,BOADICEA THE VICTORIOUS 로열 사파이어 컬렉션 10ML 기프트 세트,425000,False,https://arokor.com/product/boadicea-the-victorious-로열-사파이어-컬렉션-10ml-기프트-세트/423/category/23/display/1/,https://arokor.com/web/product/medium/202605/96544cb663985978b8c5bd55975e008a.jpg,4
424,BOADICEA THE VICTORIOUS 더 앰버리 10ML 기프트 세트,390000,False,https://arokor.com/product/boadicea-the-victorious-더-앰버리-10ml-기프트-세트/424/category/23/display/1/,https://arokor.com/web/product/medium/202605/4555590738dd6af2196462d51779e2bc.jpg,4
425,BOADICEA THE VICTORIOUS 더 보아디시아 레더 10ML 기프트 세트,390000,False,https://arokor.com/product/boadicea-the-victorious-더-보아디시아-레더-10ml-기프트-세트/425/category/23/display/1/,https://arokor.com/web/product/medium/202605/8a99a53472cd24a3db8d45f19de22335.jpg,3
426,BOADICEA THE VICTORIOUS 더 플로럴 10ML 기프트 세트,390000,False,https://arokor.com/product/boadicea-the-victorious-더-플로럴-10ml-기프트-세트/426/category/23/display/1/,https://arokor.com/web/product/medium/202605/88489d939aabd1ec2523611314b6f033.jpg,3
427,BOADICEA THE VICTORIOUS 더 우디 10ML 기프트 세트,390000,False,https://arokor.com/product/boadicea-the-victorious-더-우디-10ml-기프트-세트/427/category/23/display/1/,https://arokor.com/web/product/medium/202605/979df1c6900fa820b2e0765a8bba7e0d.jpg,3
431,FRAGRANCE DU BOIS 오우드 로즈 인텐스 100ml,950000,False,https://arokor.com/product/fragrance-du-bois-오우드-로즈-인텐스-100ml/431/category/23/display/1/,https://arokor.com/web/product/medium/202306/e9f6d7f26b3c1042e9c843e7de484f53.jpeg,3
432,FRAGRANCE DU BOIS 오우드 바이올렛 인텐스 100ml,950000,False,https://arokor.com/product/fragrance-du-bois-오우드-바이올렛-인텐스-100ml/432/category/23/display/1/,https://arokor.com/web/product/medium/202306/8d418e1fc9e3ab5387b15a3235b82d4e.jpeg,3
433,FRAGRANCE DU BOIS 오우드 블루 인텐스 100ml,950000,False,https://arokor.com/product/fragrance-du-bois-오우드-블루-인텐스-100ml/433/category/23/display/1/,https://arokor.com/web/product/medium/202306/2c3bba61fe43bfb0aa9aff288015b6ee.png,3
434,FRAGRANCE DU BOIS 오우드 베르 인텐스 100ml,950000,True,https://arokor.com/product/fragrance-du-bois-오우드-베르-인텐스-100ml/434/category/23/display/1/,https://arokor.com/web/product/medium/202306/385c46efeb110477542ae67d64bf8ec2.png,3
435,FRAGRANCE DU BOIS 오우드 자온 인텐스 100ml,950000,False,https://arokor.com/product/fragrance-du-bois-오우드-자온-인텐스-100ml/435/category/23/display/1/,https://arokor.com/web/product/medium/202306/27460d1dad142126407aba842ea4ba9c.png,3
436,FRAGRANCE DU BOIS 오우드 오렌지 인텐스 100ml,1050000,False,https://arokor.com/product/fragrance-du-bois-오우드-오렌지-인텐스-100ml/436/category/23/display/1/,https://arokor.com/web/product/medium/202306/2aa7a882a73ec006b780839be20d0d7a.png,3
437,FRAGRANCE DU BOIS 오우드 누아 인텐스 100ml,950000,False,https://arokor.com/product/fragrance-du-bois-오우드-누아-인텐스-100ml/437/category/23/display/1/,https://arokor.com/web/product/medium/202306/076e29de318e5ccce88386f5bff4bdd7.png,3
438,FRAGRANCE DU BOIS 사라 100ml,1325000,False,https://arokor.com/product/fragrance-du-bois-사라-100ml/438/category/23/display/1/,https://arokor.com/web/product/medium/202306/2d0afd47cf287472b6437d9a738cd54e.png,3
439,FRAGRANCE DU BOIS 파리시안 100ml,1150000,False,https://arokor.com/product/fragrance-du-bois-파리시안-100ml/439/category/23/display/1/,https://arokor.com/web/product/medium/202306/f200b15d53ab9d23ee535947a358f42e.png,3
442,SOSPIRO 비브라토 15ml,115000,False,https://arokor.com/product/sospiro-비브라토-15ml/442/category/23/display/1/,https://arokor.com/web/product/medium/202606/db8302c979b94603e03efe2d769d7a33.jpg,2
449,SOSPIRO 일 파드리노 15ml,115000,False,https://arokor.com/product/sospiro-일-파드리노-15ml/449/category/23/display/1/,https://arokor.com/web/product/medium/202606/70c30816690ea339cc732be2d02acc60.jpg,2
450,SOSPIRO 돌체 소나타 15ml,115000,True,https://arokor.com/product/sospiro-돌체-소나타-15ml/450/category/23/display/1/,https://arokor.com/web/product/medium/202606/9260d13bb575abef949d135436745a26.jpg,2
451,SOSPIRO 돌체 멜로디아 15ml,115000,True,https://arokor.com/product/sospiro-돌체-멜로디아-15ml/451/category/23/display/1/,https://arokor.com/web/product/medium/202606/4d385cfe49ed8287c46ea7b898dd657e.jpg,2
452,SOSPIRO 바쏘 15ml,115000,True,https://arokor.com/product/sospiro-바쏘-15ml/452/category/23/display/1/,https://arokor.com/web/product/medium/202606/1a164776d6c7814f8799b8eed65c04b4.jpg,2
453,SOSPIRO 엘바 퓨라 매지카 15ml,115000,True,https://arokor.com/product/sospiro-엘바-퓨라-매지카-15ml/453/category/23/display/1/,https://arokor.com/web/product/medium/202606/03026e4cdc98a7cfb2de7088eb60b7d4.jpg,2
454,SOSPIRO 디스커버리 세트,625000,False,https://arokor.com/product/sospiro-디스커버리-세트/454/category/23/display/1/,https://arokor.com/web/product/medium/202606/179a1925251fab803c0da51c9627cccb.jpg,2
498,SOSPIRO 메조 100ml,470000,False,https://arokor.com/product/sospiro-메조-100ml/498/category/23/display/1/,https://arokor.com/web/product/medium/202607/68d7c42895aeb9f5729efc9279e0c0b1.jpg,2
499,SOSPIRO 비브라나 100ml,470000,False,https://arokor.com/product/sospiro-비브라나-100ml/499/category/23/display/1/,https://arokor.com/web/product/medium/202607/bd1f9600d3d2169cc43397b0c2b2b8c0.jpg,2
500,GOLDFIELD & BANKS 코스트 투 코스트 2026 - 썸머 컬렉션 3x10ml,165000,False,https://arokor.com/product/goldfield-banks-코스트-투-코스트-2026-썸머-컬렉션-3x10ml/500/category/23/display/1/,https://arokor.com/web/product/medium/202608/0f5c1c0c06cc031bf1b8c95865c3c7fd.jpg,2
501,GOLDFIELD & BANKS 퍼시픽 락 스웰 10ml,90000,False,https://arokor.com/product/goldfield-banks-퍼시픽-락-스웰-10ml/501/category/23/display/1/,https://arokor.com/web/product/medium/202609/b86ee57ba2936f6150dc918f41ead3d8.jpg,2
502,REINVENTED 에테르 오라 엑스뜨레 드 퍼퓸 75ml,330000,False,https://arokor.com/product/reinvented-에테르-오라-엑스뜨레-드-퍼퓸-75ml/502/category/23/display/1/,https://arokor.com/web/product/medium/202609/f5204032f61afac573d0065dbe9d8a94.jpg,2
503,UNE NUIT NOMADE 스파이시 로드 50ml,170000,False,https://arokor.com/product/une-nuit-nomade-스파이시-로드-50ml/503/category/23/display/1/,https://arokor.com/web/product/medium/202609/47ad458ef51577ef4e9b1adcde4eb808.jpg,1
504,FRAGRANCE DU BOIS 포비든 플럼 100ml,640000,True,https://arokor.com/product/fragrance-du-bois-포비든-플럼-100ml/504/category/23/display/1/,https://arokor.com/web/product/medium/202609/51322daf7fb375b25ce1642a5069b2ca.jpg,1
505,GOLDFIELD & BANKS 크리스마스 세트 2026 - 선셋 아워,310000,False,https://arokor.com/product/goldfield-banks-크리스마스-세트-2026-선셋-아워/505/category/23/display/1/,https://arokor.com/web/product/medium/202609/cecb5f5a64e8bd376d0aeac335124d75.jpg,1
506,GOLDFIELD & BANKS 크리스마스 세트 2026 - 인지니어스 진저,310000,False,https://arokor.com/product/goldfield-banks-크리스마스-세트-2026-인지니어스-진저/506/category/23/display/1/,https://arokor.com/web/product/medium/202609/2b890c43202519b3789ebe22a6a077c7.jpg,1
507,GOLDFIELD & BANKS 크리스마스 세트 2026 - 퍼시픽 락 플라워,310000,False,https://arokor.com/product/goldfield-banks-크리스마스-세트-2026-퍼시픽-락-플라워/507/category/23/display/1/,https://arokor.com/web/product/medium/202609/90743d8afeed3f2264c654c6ed260397.jpg,1
509,GOLDFIELD & BANKS 크리스마스 세트 2026 - 실키 우드,310000,True,https://arokor.com/product/goldfield-banks-크리스마스-세트-2026-실키-우드/509/category/23/display/1/,https://arokor.com/web/product/medium/202609/117a8d0703b59480871164a24688355c.jpg,1
510,GOLDFIELD & BANKS 퍼시픽 락 스웰 50ml,290000,False,https://arokor.com/product/goldfield-banks-퍼시픽-락-스웰-50ml/510/category/23/display/1/,https://arokor.com/web/product/medium/202610/e16069b3288e0fb104f353dd3bf64e40.jpg,1
511,GOLDFIELD & BANKS 퍼시픽 락 스웰 100ml,420000,False,https://arokor.com/product/goldfield-banks-퍼시픽-락-스웰-100ml/511/category/23/display/1/,https://arokor.com/web/product/medium/202610/eb8b6b197dc0e847784cdf687d3d0ac3.jpg,1
512,GOLDFIELD & BANKS 퍼시픽 락 모스 컬렉터 - 10주년 기념 컬렉터,310000,False,https://arokor.com/product/goldfield-banks-퍼시픽-락-모스-컬렉터-10주년-기념-컬렉터/512/category/23/display/1/,https://arokor.com/web/product/medium/202610/776d86d5dd0f5571e2430712aa43522b.jpg,1
513,GOLDFIELD & BANKS 더 미니어처 컬렉션 5x10ml,230000,False,https://arokor.com/product/goldfield-banks-더-미니어처-컬렉션-5x10ml/513/category/23/display/1/,https://arokor.com/web/product/medium/202610/f861b807e5dfba3c155eaa3696b31bcb.jpg,1
514,BOADICEA THE VICTORIOUS 안드라스테 퓨어 퍼퓸 100ml,590000,False,https://arokor.com/product/boadicea-the-victorious-안드라스테-퓨어-퍼퓸-100ml/514/category/23/display/1/,https://arokor.com/web/product/medium/202610/0ab699689fb067f77c8ec75b77861966.jpg,1
515,UNE NUIT NOMADE 썬 블리치드 엑스뜨레 드 퍼퓸 50ml,265000,False,https://arokor.com/product/une-nuit-nomade-썬-블리치드-엑스뜨레-드-퍼퓸-50ml/515/category/23/display/1/,https://arokor.com/web/product/medium/202610/4b058efd613fd21e480545029fda5f74.jpg,1
