,순위,노래제목,가수,앨범,좋아요
0,1,퇴사할게여 (Narr. 기안84),소연 (SOYEON),끝내주는 인생,"39,501"
1,2,LOVE ATTACK,RESCENE (리센느),SCENEDROME,"153,135"
2,3,갑자기,아이오아이 (I.O.I),I.O.I 3rd MINI ALBUM [I.O.I : LOOP],"80,172"
3,4,Deja Vu,RESCENE (리센느),Dearest,"58,928"
4,5,Pretty Girl,RESCENE (리센느),Pretty Girl - Special Single,"66,154"
5,6,REDRED,CORTIS (코르티스),GREENGREEN,"91,127"
6,7,만찬가,태연 (TAEYEON),J-POP REMAKE Vol.1,"49,649"
7,8,BAD,ATEEZ(에이티즈),GOLDEN HOUR : Part.5,"33,779"
8,9,BiiiG,BIGBANG (빅뱅),BiiiG,"56,951"
9,10,LEMONADE,aespa,LEMONADE - The 2nd Album,"59,586"
10,11,Drowning,WOODZ,OO-LI,"309,369"
11,12,It′s Me,아일릿(ILLIT),MAMIHLAPINATAPAI,"59,752"
12,13,이 별로부터,아이유,이 별로부터,"31,640"
13,14,Dear my crazy soulmate,아이유,이 별로부터,"28,176"
14,15,Good Goodbye,화사 (HWASA),Good Goodbye,"125,781"
15,16,사랑하게 될 거야,한로로,이상비행,"149,805"
16,17,노스탈지아,BIG Naughty (서동현),노스탈지아,"32,567"
17,18,RUDE!,Hearts2Hearts (하츠투하츠),RUDE!,"75,753"
18,19,캐치 캐치,YENA (최예나),LOVE CATCHER,"52,060"
19,20,"어떻게 이별까지 사랑하겠어, 널 사랑하는 거지",AKMU (악뮤),항해,"496,820"
20,21,사랑은 늘 도망가,임영웅,신사와 아가씨 OST Part.2,"241,229"
21,22,Popcorn,도경수(D.O.),성장 - THE 3RD MINI ALBUM,"94,926"
22,23,0+0,한로로,자몽살구클럽,"125,729"
23,24,생각을 멈추다 보면,최유리,생각을 멈추다 보면,"50,897"
24,25,Skibidi,소녀시대-효리수 (Girls' Generation-HRS),Skibidi,"17,101"
25,26,타임캡슐,다비치,타임캡슐,"79,516"
26,27,여름아 부탁해,볼빨간사춘기,여름아 부탁해,"29,207"
27,28,"기쁨, 슬픔, 아름다운 마음",AKMU (악뮤),개화,"93,566"
28,29,너의 모든 순간,성시경,별에서 온 그대 OST Part.7,"326,958"
29,30,꿈꾸던 어른이 되었나요?,머무르,꿈꾸던 어른이 되었나요?,"20,003"
30,31,Pop Off Pop Off,KiiiKiii (키키),WhyKiiiKiii,"23,130"
31,32,"HOME SWEET HOME (feat. 태양, 대성)",G-DRAGON,"HOME SWEET HOME (feat. 태양, 대성)","234,015"
32,33,Lemon Tang,Hearts2Hearts (하츠투하츠),Lemon Tang - The 2nd Mini Album,"34,195"
33,34,소문의 낙원,AKMU (악뮤),개화,"90,829"
34,35,어제보다 슬픈 오늘,우디 (Woody),어제보다 슬픈 오늘,"91,176"
35,36,내게 사랑이 뭐냐고 물어본다면,로이킴,내게 사랑이 뭐냐고 물어본다면,"102,973"
36,37,404 (New Era),KiiiKiii (키키),Delulu Pack,"73,285"
37,38,Blue Valentine,NMIXX,Blue Valentine,"121,637"
38,39,천상연,이창섭,천상연 (웹툰 '선녀외전' X 이창섭 (LEE CHANGSUB)),"150,898"
39,40,또또,임영웅,IM HERO 10,"30,589"
40,41,그대만 있다면 (여름날 우리 X 너드커넥션 (Nerd Connection)),너드커넥션 (Nerd Connection),그대만 있다면 (여름날 우리 X 너드커넥션 (Nerd Connection)),"179,559"
41,42,BANG BANG,IVE (아이브),REVIVE+,"69,091"
42,43,Runaway,RESCENE (리센느),Runaway,"35,672"
43,44,toxic till the end,로제 (ROSÉ),rosie,"162,240"
44,45,우리들의 블루스,임영웅,IM HERO,"128,618"
45,46,"모든 날, 모든 순간 (Every day, Every Moment)",폴킴,'키스 먼저 할까요?' OST Part.3,"433,471"
46,47,멸종위기사랑,이찬혁,EROS,"106,835"
47,48,오늘만 I LOVE YOU,BOYNEXTDOOR,오늘만 I LOVE YOU,"190,828"
48,49,봄 내음보다 너를,김나영,봄 내음보다 너를,"142,887"
49,50,한 페이지가 될 수 있게,DAY6 (데이식스),The Book of Us : Gravity,"371,539"
50,51,너에게 닿기를,10CM,너에게 닿기를,"156,502"
51,52,순간을 영원처럼,임영웅,IM HERO 2,"53,766"
52,53,모르시나요(PROD.로코베리),조째즈,모르시나요,"111,091"
53,54,소나기,이클립스 (ECLIPSE),선재 업고 튀어 OST Part 1,"201,702"
54,55,주저하는 연인들을 위해,잔나비,전설,"454,337"
55,56,뛰어(JUMP),BLACKPINK,뛰어(JUMP),"100,210"
56,57,Guitarist,도경수(D.O.),DOPAMINE - The 4th Mini Album,"16,083"
57,58,Whiplash,aespa,Whiplash - The 5th Mini Album,"156,410"
58,59,부디 행복해질 것,임영웅,IM HERO 10,"27,072"
59,60,청춘만화,이무진,만화 (滿花),"107,812"
60,61,HAPPY,DAY6 (데이식스),Fourever,"218,911"
61,62,Heavy Serenade,NMIXX,Heavy Serenade,"56,250"
62,63,Seven (feat. Latto) - Clean Ver.,정국,Seven (feat. Latto) - Clean Ver.,"233,900"
63,64,SWIM,방탄소년단,ARIRANG,"64,572"
64,65,예뻤어,DAY6 (데이식스),Every DAY6 February,"381,752"
65,66,Golden,HUNTR/X,KPop Demon Hunters (Soundtrack from the Netflix Film),"193,576"
66,67,이 밤을 빌려 말해요,PLAVE,"이 밤을 빌려 말해요 (오늘 밤, 세계에서 이 사랑이 사라진다 해도 X PLAVE)","34,825"
67,68,그대 작은 나의 세상이 되어,카더가든,부재,"88,932"
68,69,Baila,임영웅,IM HERO 10,"25,837"
69,70,like JENNIE,제니 (JENNIE),Ruby,"113,641"
70,71,헤어지자 말해요,박재정,1집 Alone,"196,436"
71,72,모이세,임영웅,IM HERO 10,"26,641"
72,73,Love wins all,아이유,The Winning,"226,755"
73,74,Dynamite,방탄소년단,Dynamite (DayTime Version),"460,581"
74,75,입춘,한로로,입춘,"85,133"
75,76,Die With A Smile,Lady Gaga,Die With A Smile,"142,470"
76,77,살아온 우리에게,임영웅,IM HERO 10,"24,789"
77,78,나는 반딧불,황가람,나는 반딧불,"160,832"
78,79,Welcome to the Show,DAY6 (데이식스),Fourever,"203,299"
79,80,사랑인가 봐,멜로망스,사랑인가 봐 (사내맞선 OST 스페셜 트랙),"240,128"
80,81,봄날,방탄소년단,YOU NEVER WALK ALONE,"501,265"
81,82,첫 만남은 계획대로 되지 않아,TWS (투어스),Sparkling Blue,"177,375"
82,83,미워요 RE,임영웅,IM HERO 10,"24,344"
83,84,APT.,로제 (ROSÉ),APT.,"222,606"
84,85,Vitamin ME,프로미스나인,Glow ME,"20,254"
85,86,청혼하지 않을 이유를 못 찾았어,이무진,청혼하지 않을 이유를 못 찾았어,"77,966"
86,87,다정히 내 이름을 부르면,경서예지,다정히 내 이름을 부르면 (경서예지 x 전건호),"225,993"
87,88,Hype Boy,NewJeans,NewJeans 1st EP 'New Jeans',"318,220"
88,89,모래 알갱이 RE,임영웅,IM HERO 10,"23,977"
89,90,STYLE,Hearts2Hearts (하츠투하츠),STYLE,"66,842"
90,91,Magnetic,아일릿(ILLIT),SUPER REAL ME,"149,307"
91,92,CRASH,ALLDAY PROJECT,CRASH,"5,205"
92,93,Love Love Love (Feat. Yoong Jin Of Casker),에픽하이 (EPIK HIGH),Remapping The Human Soul,"129,853"
93,94,사랑은 늘 도망가 RE,임영웅,IM HERO 10,"23,782"
94,95,A Bientot RE,임영웅,IM HERO 10,"23,762"
95,96,Less than a Lover,제니 (JENNIE),Less than a Lover,"27,097"
96,97,New York,임영웅,IM HERO 10,"24,265"
97,98,그댈 위한 멜로디,임영웅,IM HERO 2,"42,733"
98,99,사랑은 봄비처럼...이별은 겨울비처럼...,임현정,All That Love,"76,460"
99,100,REBEL HEART,IVE (아이브),IVE EMPATHY,"122,857"