연번,시설명,전화번호,시군구,위도,경도,정렬번호
0,동사서독,0507-1396-1606,부산 금정구 금정로 87 2층,35.23242131,129.086648,67
1,흰돌서점,051-625-9633,부산 수영구 남천서로32번길 38 흰돌서점,35.14570728,129.1066852,1
2,효원도서,051-517-6871,부산 금정구 부산대학로 63 (장전동),35.23148101,129.0844265,2
3,화명서점,051-337-0140,부산 북구 화명신도시로 130 로얄팰리스 110호 화명서점,35.23554402,129.0113309,3
4,현대서점,051-581-7963,부산 금정구 남산로 30 현대서점 (남산동),35.2673024,129.0888719,4
5,현대서점,051-263-7079,"부산 사하구 다대로 473 (다대동, 다대포현대아파트)맘모스프라자1층3호",35.06151845,128.9768927,5
6,한솔서점,051-517-2838,부산 금정구 두실로15번길 52-5 (구서동),35.25817363,129.089186,6
7,한마음서점,051-256-9825,부산 중구 흑교로46번길 12 (보수동1가)125-34,35.10351109,129.0262673,7
8,한국도서,051-342-1555,부산 북구 금곡대로285번길 30 (화명동),35.23427332,129.0118165,8
9,학우사,051-513-5824,부산 금정구 체육공원로 14 학우사,35.24583306,129.0951601,9
10,푸른서점,051-293-6456,"부산 사하구 감천로43번길 10 (감천동, 1층)",35.09125855,128.9980061,10
11,코코래빗 명지점,051-271-1978,"부산 강서구 명지오션시티10로 16 (명지동, 영어도시 퀸덤1차)1층 252호",35.08645267,128.8968122,11
12,청솔서점,051-817-3023,부산 부산진구 동성로 15 (전포동),35.15195026,129.0682404,12
13,청솔서점,051-202-6338,부산 사하구 하신번영로 195 (신평동),35.09888345,128.9589869,13
14,주문도서,051-781-4051,부산 해운대구 재송1로 80 (재송동),35.18730679,129.1250417,14
15,월드서점,051-522-3069,부산 동래구 충렬사로67번길 10 (명장동) 월드서점,35.20521717,129.0991815,15
16,우리서점,051-805-3422,부산 부산진구 동성로 20-1 (전포동),35.15225412,129.0685131,16
17,여고서점,051-528-5108,부산 금정구 서부로76번길 22-1 (서동),35.21956844,129.1000505,17
18,신만덕영광도서,051-333-8886,부산 북구 만덕2로 39 (만덕동),35.20995141,129.0379079,18
19,세기서적,051-247-8368,부산 중구 책방골목길 12 (보수동1가),35.10344157,129.0263327,19
20,성지서점,051-642-5393,부산 남구 우암로 150-2 (우암동),35.12358513,129.0802261,20
21,성공도서,051-635-8300,"부산 북구 금곡대로 166 (화명동, 롯데캐슬카이저 상가319호) 성공도서",35.22268549,129.0094449,21
22,새학문서점,051-892-1918,부산 부산진구 엄광로 25 (개금동),35.14835689,129.0188733,22
23,상록도서,051-645-9619,부산 동구 정공단로 47 (범일동) 1층 상록도서,35.1366792,129.0554827,23
24,삼성서점,051-292-7722,"부산 사하구 감천로43번길 27 (감천동, 대건아파트)",35.09218681,128.9982374,24
25,브이데이,051-626-7745,부산 남구 조각공원로27번길 24 (대연동),35.1295499,129.0999901,25
26,북앤북스(플러스비)가야,051-898-9436,부산 부산진구 가야대로 506 (가야동),35.15257593,129.0273151,26
27,부여고서점,051-505-5959,부산 사하구 낙동대로520번길 27 (하단동),35.11176453,128.9664629,27
28,부곡서점,051-513-0898,부산 금정구 동부곡로5번길 153 (부곡동),35.23276146,129.0932641,28
29,문현도서,051-642-4535,"부산 남구 고동골로 86-46 (문현동, 삼창맨션)문현도서",35.14450135,129.0742338,29
30,문장서점,051-207-1327,부산 사하구 오작로8번길 62 (감천동),35.09476394,128.9961473,30
31,목민서관,051-512-4710,부산 금정구 동부곡로6번길 13 (부곡동),35.22515735,129.0924309,31
32,명문서적,051-325-4538,부산 기장군 정관읍 정관2로 51-27 케이스퀘어 지하동 101호,35.33482794,129.1670074,32
33,메가북스,051-913-1711,부산 기장군 정관읍 달산4길 82 1층,35.31740092,129.1795078,33
34,동천서점,051-628-0535,부산 남구 못골번영로 82 (대연동),35.14239202,129.0889998,34
35,동주대학구내서점,051-291-7543,부산 사하구 사리로55번길 16 10호관 학생회관 1층 (괴정동),35.10673617,128.9972483,35
36,동인서점,051-503-2145,부산 동래구 쇠미로31번길 7 (사직동),35.19712992,129.0531364,36
37,동아서점,051-316-0707,부산 사상구 대동로 103 (학장동)홍이빌딩 동아서점,35.13884768,128.978903,37
38,동아대횃불서림,070-4101-1626,부산 서구 구덕로 225 (부민동2가)동이대학교국제관지하1층,35.10377864,129.019396,38
39,동성서점,051-868-5640,부산 부산진구 진남로 494 (양정동),35.16814628,129.0705058,39
40,덕포서점,051-301-7108,부산 사상구 강선로 7 (덕포동),35.1691314,128.9830842,40
41,대한도서,051-332-7339,부산 북구 덕천1길 10 (덕천동),35.20959897,129.006215,41
42,대원서점,051-702-7484,"부산 해운대구 좌동순환로 252 (좌동, 대원아파트) 상가동 대원서점",35.17290285,129.1800162,42
43,대성서점,051-335-6878,부산 북구 시랑로132번길 75 1층 (구포동),35.19430344,129.0061825,43
44,대림서점,051-262-7141,부산 사하구 다대낙조1길 53 (다대동),35.04987597,128.9696706,44
45,대덕서점,051-305-8824,부산 사상구 백양대로804번길 7 (덕포동)자유아파트3상가102호,35.17911449,128.9888724,45
46,대광서점,051-518-1425,부산 금정구 금강로 444 (구서동),35.24727093,129.0890805,46
47,당리서점,051-207-7148,부산 사하구 제석로 55 (당리동),35.10570678,128.9744808,47
48,남포문고,051-245-8911,부산 중구 중구로 13 (부평동1가) 서암빌딩2.3층,35.0989867,129.0274653,48
49,남천서점,051-622-3703,부산 수영구 남천동로10번길 32 (남천동) 1층,35.14187857,129.108644,49
50,꿈나무서적문구,051-746-1544,"부산 해운대구 해운대해변로 83 109호 (우동,경남상가)",35.16168792,129.1423402,50
51,꽃샘도서,051-646-3987,부산 동구 정공단로 48 (범일동)1층 꽃샘도서,35.13655477,129.0556337,51
52,금곡하나로서점,051-361-2830,부산 북구 금곡대로 469 (금곡동)3층,35.25020897,129.0112884,52
53,군청서점,051-709-4998,부산 기장군 기장읍 기장대로 560 기장군청 구내1층,35.24349407,129.2229779,53
54,구름책방,051-206-9619,"부산 강서구 명지오션시티12로 92 (명지동, 엘크루 블루오션)C3 블럭상가 120호",35.0817518,128.9050008,54
55,구남서점,000-000-0000,부산 북구 백양대로1016번길 45 1층 (구포동),35.19649351,128.9969092,55
56,교양당서점,051-417-3606,부산 영도구 꿈나무길 157 (영선동2가),35.08850756,129.0444027,56
57,광명서점,051-336-1292,부산 북구 시랑로21번길 117 (구포동),35.20472981,129.0103667,57
58,경성대학교 구내서점,051-621-7011,부산 남구 수영로 309 (대연동) 23호관 대학책방,35.13844606,129.1000962,58
59,경남서점,051-243-6060,부산 서구 망양로111번길 28 (동대신동3가),35.11841193,129.0199622,59
60,건국서점,051-201-0065,부산 사하구 승학로17번길 78 (하단동),35.1095715,128.9680069,60
61,가람도서 사직점,051-504-5628,부산 동래구 아시아드대로 111 (사직동),35.19442013,129.0661937,61
62,책과아이들,051-506-1448,부산 연제구 교대로16번길 20,35.196453,129.078185,62
63,책마을,051-753-8685,부산 연제구 안연로8번길 19 3층,35.188471,129.102055,63
64,카프카의 밤,051-665-5516,부산 연제구 고분로191번길 20,35.186167,129.104129,64
65,동네책방 아인,051-665-5516,부산 연제구 월드컵대로 221 다우빌딩 2층,35.188866,129.07265,65
66,책방 감,051-581-3318,부산 연제구 교대로24번길 10,35.195938,129.07715,66
